island_id,pixel_area,bbox_x0,bbox_y0,bbox_x1,bbox_y1,centroid_u,centroid_v,root_to_tip_u,root_to_tip_v,face_count,mesh_names,part_counts,category_counts
1,20848,1424,15,1583,293,0.7342311,0.9257319,0.0195672,-0.9998085,31,pasted__polySurface41Shape,"{""back"":31}","{""back_center"":10,""back_lower"":21}"
2,28379,950,23,1162,367,0.5027799,0.8887293,-0.2262718,-0.9740642,24,pasted__polySurface41Shape,"{""back"":24}","{""back_center"":3,""back_lower"":21}"
3,61609,1593,25,2016,266,0.8727518,0.9396744,-0.9996451,0.0266383,132,pasted__pasted__polySurface26Shape,"{""braid"":132}","{""left_braid_mid"":1,""left_braid_top"":65,""right_braid_mid"":1,""right_braid_top"":65}"
4,29121,1197,30,1424,367,0.6543467,0.8877083,0.2948081,-0.9555565,24,pasted__polySurface41Shape,"{""back"":24}","{""back_center"":3,""back_lower"":21}"
5,80578,508,31,655,830,0.2883267,0.7953835,0.0472124,-0.9988849,55,pasted__polySurface41Shape,"{""back"":55}","{""back_left"":18,""back_lower"":16,""back_top"":21}"
6,77254,375,38,499,840,0.2161233,0.7788757,-0.0301912,-0.9995441,45,pasted__polySurface41Shape,"{""back"":45}","{""back_left"":22,""back_lower"":7,""back_top"":16}"
7,80600,89,39,226,843,0.0747593,0.7904322,-0.0169417,-0.9998565,55,pasted__polySurface41Shape,"{""back"":55}","{""back_lower"":16,""back_right"":18,""back_top"":21}"
8,77439,240,40,360,843,0.1457431,0.7913629,0.0062831,0.9999803,45,pasted__polySurface41Shape,"{""back"":45}","{""back_lower"":7,""back_right"":22,""back_top"":16}"
9,1,946,93,946,93,0.4621397,0.9545677,1.0,-0.0,0,,{},{}
10,40,946,93,953,102,0.463874,0.9523449,0.5599117,-0.8285523,32,pasted__polySurface41Shape,"{""back"":32}","{""back_left"":11,""back_lower"":6,""back_right"":11,""back_top"":4}"
11,16,947,104,951,108,0.4639106,0.9482169,0.6922317,0.7216753,28,pasted__polySurface41Shape,"{""back"":28}","{""back_lower"":27,""back_top"":1}"
12,68520,658,119,792,838,0.355378,0.7462585,-0.0246666,-0.9996957,35,pasted__polySurface41Shape,"{""back"":35}","{""back_left"":15,""back_lower"":5,""back_top"":15}"
13,68435,806,123,941,843,0.4277359,0.7839002,-0.0430697,0.9990721,35,pasted__polySurface41Shape,"{""back"":35}","{""back_lower"":5,""back_right"":15,""back_top"":15}"
14,1000,1160,145,1199,188,0.5743053,0.9208368,-0.6552319,-0.7554278,15,pasted__polySurface41Shape,"{""back"":15}","{""back_left"":7,""back_lower"":8}"
15,1003,1206,146,1246,189,0.6009217,0.9204974,0.6510913,-0.7589994,15,pasted__polySurface41Shape,"{""back"":15}","{""back_lower"":8,""back_right"":7}"
16,2472,1167,197,1198,322,0.5780027,0.8751549,0.1079324,-0.9941582,12,pasted__polySurface41Shape,"{""back"":12}","{""back_right"":2,""back_top"":10}"
17,2088,1199,209,1228,325,0.5920485,0.8714996,-0.0370518,-0.9993133,12,pasted__polySurface41Shape,"{""back"":12}","{""back_left"":2,""back_top"":10}"
18,7605,1607,238,1642,540,0.7953033,0.8070457,0.0131493,0.9999135,22,pasted__pasted__polySurface26Shape,"{""braid"":22}","{""left_braid_top"":11,""right_braid_top"":11}"
19,4468,1660,240,1686,521,0.8172094,0.816672,0.0347241,-0.9993969,46,pasted__pasted__polySurface26Shape,"{""braid"":46}","{""left_braid_top"":23,""right_braid_top"":23}"
20,9005,1813,247,1923,433,0.9139017,0.8327929,0.4268138,-0.9043395,94,pasted__pasted__polySurface26Shape,"{""braid"":94}","{""left_braid_low"":12,""left_braid_mid"":35,""right_braid_low"":12,""right_braid_mid"":35}"
21,2976,1692,255,1710,529,0.8324674,0.8063446,0.0059259,0.9999824,20,pasted__pasted__polySurface26Shape,"{""braid"":20}","{""left_braid_mid"":10,""right_braid_mid"":10}"
22,2393,1729,255,1741,529,0.8483517,0.8064898,0.0037799,0.9999929,20,pasted__pasted__polySurface26Shape,"{""braid"":20}","{""left_braid_mid"":10,""right_braid_mid"":10}"
23,5517,1763,269,1799,527,0.8697382,0.8084314,0.0094327,0.9999555,40,pasted__pasted__polySurface26Shape,"{""braid"":40}","{""left_braid_top"":20,""right_braid_top"":20}"
24,7297,1481,271,1551,455,0.7383215,0.8124169,0.2064656,-0.9784539,21,pasted__polySurface41Shape,"{""back"":21}","{""back_center"":1,""back_lower"":18,""back_right"":2}"
25,6787,1930,274,2022,430,0.966555,0.8258257,-0.4765132,-0.8791673,80,pasted__pasted__polySurface26Shape,"{""braid"":80}","{""left_braid_low"":3,""left_braid_mid"":37,""right_braid_low"":3,""right_braid_mid"":37}"
26,6688,1381,282,1455,461,0.6928401,0.8094473,-0.2654004,-0.9641383,22,pasted__polySurface41Shape,"{""back"":22}","{""back_center"":1,""back_left"":2,""back_lower"":19}"
27,30680,949,357,1080,829,0.4880188,0.7104137,0.0377803,0.9992861,19,pasted__polySurface41Shape,"{""back"":19}","{""back_right"":6,""back_top"":13}"
28,30461,1088,357,1223,829,0.5711704,0.7105774,-0.0251887,0.9996827,19,pasted__polySurface41Shape,"{""back"":19}","{""back_left"":6,""back_top"":13}"
29,27354,1223,421,1311,843,0.6204274,0.6918324,0.0119789,-0.9999283,28,pasted__polySurface41Shape,"{""back"":28}","{""back_center"":5,""back_left"":13,""back_lower"":3,""back_top"":7}"
30,32392,1318,457,1434,847,0.670021,0.6880589,0.0382597,-0.9992678,22,pasted__polySurface41Shape,"{""back"":22}","{""back_center"":7,""back_lower"":2,""back_right"":12,""back_top"":1}"
31,22827,1443,462,1552,833,0.7335481,0.6743502,-0.1891021,-0.9819574,42,pasted__polySurface41Shape,"{""back"":42}","{""back_center"":16,""back_left"":9,""back_lower"":17}"
32,19193,1561,470,1662,837,0.7863403,0.6656802,0.1388177,-0.990318,33,pasted__polySurface41Shape,"{""back"":33}","{""back_center"":13,""back_lower"":15,""back_right"":5}"
33,2997,1876,485,1940,588,0.9329677,0.7368089,0.3899447,-0.9208383,94,pasted__pasted__polySurface26Shape,"{""braid"":94}","{""left_braid_low"":42,""left_braid_mid"":5,""right_braid_low"":42,""right_braid_mid"":5}"
34,2831,1933,489,1989,585,0.9583818,0.738771,0.2870671,-0.9579105,76,pasted__pasted__polySurface26Shape,"{""braid"":76}","{""left_braid_mid"":38,""right_braid_mid"":38}"
35,80006,23,520,101,2038,0.0301451,0.3752476,-4.9e-06,-1.0,80,polySurface80Shape,"{""side"":80}","{""side_left"":24,""side_left_upper"":4,""side_right"":24,""side_right_upper"":4,""side_top_bridge"":24}"
36,6098,1675,592,1714,831,0.8302692,0.654772,0.0168837,-0.9998575,9,pasted__polySurface41Shape,"{""back"":9}","{""back_lower"":4,""back_right"":5}"
37,6236,1739,599,1779,842,0.8566185,0.6503897,-0.0172294,-0.9998516,9,pasted__polySurface41Shape,"{""back"":9}","{""back_left"":5,""back_lower"":4}"
38,3717,1799,604,1823,821,0.8846675,0.6491329,-0.008052,0.9999676,36,pasted__pasted__polySurface26Shape,"{""braid"":36}","{""left_braid_low"":7,""left_braid_mid"":11,""right_braid_low"":7,""right_braid_mid"":11}"
39,4430,1831,610,1861,821,0.901455,0.6495142,-0.0120461,0.9999274,30,pasted__pasted__polySurface26Shape,"{""braid"":30}","{""left_braid_mid"":15,""right_braid_mid"":15}"
40,6179,1870,612,1918,821,0.9263536,0.6422322,0.051117,0.9986927,32,pasted__pasted__polySurface26Shape,"{""braid"":32}","{""left_braid_mid"":16,""right_braid_mid"":16}"
41,5223,1931,620,1966,819,0.9512811,0.6477013,0.0456767,0.9989563,30,pasted__pasted__polySurface26Shape,"{""braid"":30}","{""left_braid_low"":15,""right_braid_low"":15}"
42,1530,1991,723,2031,818,0.9833051,0.6208879,-0.2898876,-0.9570607,62,pasted__pasted__polySurface26Shape,"{""braid"":62}","{""left_braid_low"":17,""left_braid_mid"":14,""right_braid_low"":17,""right_braid_mid"":14}"
43,5426,1605,850,1679,995,0.8030391,0.545888,-0.2128447,-0.977086,78,pasted__pasted__polySurface26Shape,"{""braid"":78}","{""left_braid_mid"":22,""left_braid_top"":17,""right_braid_mid"":22,""right_braid_top"":17}"
44,5813,1711,854,1797,994,0.8562886,0.5511242,0.4025806,-0.9153845,70,pasted__pasted__polySurface26Shape,"{""braid"":70}","{""left_braid_mid"":30,""left_braid_top"":5,""right_braid_mid"":30,""right_braid_top"":5}"
45,87334,108,861,212,1987,0.0813349,0.3043818,2.33e-05,-1.0,40,polySurface80Shape,"{""side"":40}","{""side_left"":4,""side_left_upper"":6,""side_right"":4,""side_right_upper"":6,""side_top_bridge"":20}"
46,5081,1799,861,1879,994,0.8959481,0.5484048,-0.4000167,-0.9165078,64,pasted__pasted__polySurface26Shape,"{""braid"":64}","{""left_braid_mid"":32,""right_braid_mid"":32}"
47,19810,433,867,485,1534,0.2247015,0.4090106,0.0193039,-0.9998137,32,polySurface80Shape,"{""side"":32}","{""side_left"":20,""side_left_upper"":6,""side_top_bridge"":6}"
48,17245,262,872,312,1434,0.1416449,0.4504919,0.0142894,-0.9998979,26,polySurface80Shape,"{""side"":26}","{""side_left_upper"":8,""side_right_upper"":8,""side_top_bridge"":10}"
49,18126,359,875,404,1514,0.1864413,0.412552,-0.0144008,-0.9998963,32,polySurface80Shape,"{""side"":32}","{""side_right"":20,""side_right_upper"":6,""side_top_bridge"":6}"
50,10898,861,875,898,1310,0.4292058,0.478628,-0.0056212,-0.9999842,14,polySurfaceShape68,"{""braid"":14}","{""left_braid_end"":14}"
51,862,2016,875,2023,1005,0.986755,0.5385999,-0.0066684,-0.9999778,20,pasted__pasted__polySurface26Shape,"{""braid"":20}","{""left_braid_low"":8,""left_braid_mid"":2,""right_braid_low"":8,""right_braid_mid"":2}"
52,5071,1869,884,1940,997,0.9308301,0.536318,-0.2964682,-0.9550427,68,pasted__pasted__polySurface26Shape,"{""braid"":68}","{""left_braid_low"":34,""right_braid_low"":34}"
53,5526,1944,884,2011,996,0.9660134,0.5383753,0.2123036,-0.9772038,74,pasted__pasted__polySurface26Shape,"{""braid"":74}","{""left_braid_low"":37,""right_braid_low"":37}"
54,5257,1243,886,1295,1073,0.6177333,0.5328008,-0.0476759,-0.9988629,10,polySurfaceShape68,"{""braid"":10}","{""left_braid_end"":10}"
55,10455,1423,887,1511,1074,0.7152402,0.533042,0.0372753,0.999305,6,polySurfaceShape68,"{""braid"":6}","{""left_braid_end"":6}"
56,22379,952,889,1041,1307,0.485775,0.4700418,-0.0025496,-0.9999967,14,polySurfaceShape68,"{""braid"":14}","{""left_braid_end"":14}"
57,9568,1316,891,1394,1074,0.6610191,0.5288779,0.0950739,0.9954702,5,polySurfaceShape68,"{""braid"":5}","{""left_braid_end"":5}"
58,54284,688,896,794,1567,0.3617663,0.4184223,-0.0007273,-0.9999997,24,polySurface80Shape,"{""side"":24}","{""side_left"":6,""side_left_upper"":8,""side_top_bridge"":10}"
59,3945,528,907,564,1060,0.2683665,0.5208805,0.0134853,-0.9999091,5,polySurface80Shape,"{""side"":5}","{""side_top_bridge"":5}"
60,2772,603,922,634,1054,0.3010413,0.5199616,-0.0053804,-0.9999855,5,polySurface80Shape,"{""side"":5}","{""side_top_bridge"":5}"
61,16849,1055,962,1134,1305,0.5343231,0.4632684,-0.0071344,-0.9999745,14,polySurfaceShape68,"{""braid"":14}","{""left_braid_end"":14}"
62,20164,1148,986,1234,1325,0.5828358,0.4370706,0.00842,-0.9999646,21,polySurfaceShape68,"{""braid"":21}","{""left_braid_end"":21}"
63,6301,1638,1011,1695,1307,0.8155169,0.4417092,-0.071811,-0.9974183,28,pasted__pasted__polySurface26Shape,"{""braid"":28}","{""left_braid_low"":3,""left_braid_mid"":11,""right_braid_low"":3,""right_braid_mid"":11}"
64,6827,1779,1016,1816,1295,0.8757652,0.4357739,-0.00502,0.9999874,22,pasted__pasted__polySurface26Shape,"{""braid"":22}","{""left_braid_low"":11,""right_braid_low"":11}"
65,4299,1722,1017,1740,1316,0.8447973,0.4259948,0.0042734,-0.9999909,20,pasted__pasted__polySurface26Shape,"{""braid"":20}","{""left_braid_low"":2,""left_braid_mid"":8,""right_braid_low"":2,""right_braid_mid"":8}"
66,1440,1976,1025,1996,1144,0.9699991,0.4709877,-0.0412955,-0.999147,36,pasted__pasted__polySurface26Shape,"{""braid"":36}","{""left_braid_mid"":10,""left_braid_top"":8,""right_braid_mid"":10,""right_braid_top"":8}"
67,1862,2016,1026,2038,1165,0.9887011,0.4697816,0.0600669,0.9981944,12,pasted__pasted__polySurface26Shape,"{""braid"":12}","{""left_braid_top"":6,""right_braid_top"":6}"
68,5491,1843,1049,1903,1278,0.9099895,0.4437861,-0.0890235,-0.9960295,36,pasted__pasted__polySurface26Shape,"{""braid"":36}","{""left_braid_top"":18,""right_braid_top"":18}"
69,2380,1914,1053,1934,1285,0.9381536,0.4323131,-0.0081794,-0.9999665,26,pasted__pasted__polySurface26Shape,"{""braid"":26}","{""left_braid_top"":13,""right_braid_top"":13}"
70,11460,1415,1078,1504,1318,0.7137222,0.432413,0.0181223,-0.9998358,8,polySurfaceShape68,"{""braid"":8}","{""left_braid_end"":8}"
71,2529,1357,1090,1377,1298,0.6678158,0.4219553,0.0132193,0.9999126,6,polySurfaceShape68,"{""braid"":6}","{""left_braid_end"":6}"
72,6849,1264,1102,1335,1311,0.6385205,0.426981,0.0894317,-0.995993,8,polySurfaceShape68,"{""braid"":8}","{""left_braid_end"":8}"
73,1187,1963,1176,1988,1306,0.965183,0.397365,-0.1349933,-0.9908465,28,pasted__pasted__polySurface26Shape,"{""braid"":28}","{""left_braid_low"":12,""left_braid_mid"":2,""right_braid_low"":12,""right_braid_mid"":2}"
74,40,2027,1246,2031,1259,0.9916097,0.3880923,-0.0159698,-0.9998725,2,pasted__pasted__polySurface26Shape,"{""braid"":2}","{""left_braid_mid"":1,""right_braid_mid"":1}"
75,38,2035,1254,2045,1265,0.9969275,0.3850693,0.6102142,-0.7922365,4,pasted__pasted__polySurface26Shape,"{""braid"":4}","{""left_braid_low"":2,""right_braid_low"":2}"
76,67092,826,1337,944,2038,0.4338574,0.1951143,0.0162059,-0.9998687,24,polySurface80Shape,"{""side"":24}","{""side_right"":18,""side_right_upper"":6}"
77,25324,1669,1338,1894,1530,0.8558691,0.2929194,0.6966201,-0.7174402,82,pasted__pasted__pasted__pasted__polySurface94Shape,"{""braid"":82}","{""left_braid_end"":41,""right_braid_end"":41}"
78,52707,558,1347,663,2019,0.2987359,0.1977102,0.00526,-0.9999862,24,polySurface80Shape,"{""side"":24}","{""side_right"":6,""side_right_upper"":8,""side_top_bridge"":10}"
79,11581,1286,1355,1389,1512,0.6537046,0.2985642,-0.2995215,-0.9540896,88,pasted__pasted__pasted__pasted__polySurface94Shape,"{""braid"":88}","{""left_braid_end"":44,""right_braid_end"":44}"
80,11537,1402,1356,1500,1510,0.7097896,0.2992971,0.0669485,-0.9977564,90,pasted__pasted__pasted__pasted__polySurface94Shape,"{""braid"":90}","{""left_braid_end"":45,""right_braid_end"":45}"
81,890,1960,1358,1980,1429,0.9621485,0.3192373,0.0005734,0.9999998,368,polySurface80Shape,"{""side"":368}","{""side_left"":137,""side_left_upper"":20,""side_right"":144,""side_right_upper"":21,""side_top_bridge"":46}"
82,107,1903,1365,1929,1376,0.9352871,0.3301298,0.9660339,0.2584153,15,polySurfaceShape68,"{""braid"":15}","{""left_braid_end"":15}"
83,181,2014,1368,2019,1416,0.9848721,0.3198374,-0.0090187,-0.9999593,24,polySurface80Shape|polySurfaceShape67,"{""side"":24}","{""side_left_upper"":8,""side_right_spike"":12,""side_top_bridge"":4}"
84,61094,979,1370,1094,2030,0.5081617,0.1890733,0.0204455,-0.999791,24,polySurface80Shape,"{""side"":24}","{""side_left"":18,""side_left_upper"":6}"
85,11,1916,1384,1920,1386,0.9370698,0.3232225,0.9903343,0.1387012,10,polySurfaceShape68,"{""braid"":10}","{""left_braid_end"":10}"
86,8211,1177,1406,1230,1673,0.5879881,0.2576513,0.0053622,-0.9999856,21,polySurface80Shape,"{""side"":21}","{""side_left"":21}"
87,37,2021,1435,2022,1456,0.9875097,0.2943398,-0.0261937,-0.9996569,2,polySurface80Shape,"{""side"":2}","{""side_top_bridge"":2}"
88,1890,1520,1442,1554,1514,0.7507877,0.2759775,-0.0162638,0.9998677,16,pasted__pasted__pasted__pasted__polySurface94Shape,"{""braid"":16}","{""left_braid_end"":8,""right_braid_end"":8}"
89,757,1566,1452,1586,1514,0.76944,0.2723443,0.0712318,-0.9974598,8,pasted__pasted__pasted__pasted__polySurface94Shape,"{""braid"":8}","{""left_braid_end"":4,""right_braid_end"":4}"
90,8,2034,1453,2035,1456,0.9938935,0.289448,-0.0,1.0,4,polySurface80Shape,"{""side"":4}","{""side_left_upper"":1,""side_right_upper"":1,""side_top_bridge"":2}"
91,1097,1585,1454,1647,1514,0.7848807,0.2704516,-0.796024,0.605265,20,pasted__pasted__pasted__pasted__polySurface94Shape,"{""braid"":20}","{""left_braid_end"":10,""right_braid_end"":10}"
92,2236,1951,1471,2005,1530,0.9663395,0.266512,0.0106625,-0.9999432,24,pasted__polySurface41Shape,"{""back"":20,""side"":4}","{""back_center"":2,""back_left"":5,""back_right"":5,""back_top"":8,""side_under_left"":2,""side_under_right"":2}"
93,39570,243,1528,356,2037,0.145249,0.1457128,-0.0684283,-0.997656,23,polySurface80Shape,"{""side"":23}","{""side_right"":6,""side_right_upper"":11,""side_top_bridge"":6}"
94,22582,1635,1542,1708,2032,0.8160847,0.1019044,-0.0213952,-0.9997711,18,polySurface89Shape,"{""front"":18}","{""front_center"":2,""front_left"":16}"
95,37607,414,1544,523,2041,0.2291534,0.1409259,0.0501216,-0.9987431,23,polySurface80Shape,"{""side"":23}","{""side_left"":6,""side_left_upper"":11,""side_top_bridge"":6}"
96,12182,1585,1548,1620,2033,0.7847081,0.1059241,-0.0216438,-0.9997657,16,polySurface89Shape,"{""front"":16}","{""front_center"":3,""front_right"":13}"
97,26043,1717,1561,1791,2020,0.8566438,0.1151829,-0.0026868,-0.9999964,20,polySurface89Shape,"{""front"":20}","{""front_center"":20}"
98,18357,1812,1568,1872,2013,0.8999151,0.1011209,-0.0071181,-0.9999747,21,polySurface89Shape,"{""front"":21}","{""front_center"":3,""front_right"":18}"
99,691,1301,1571,1333,1604,0.6424601,0.2236735,0.5118275,-0.8590882,114,polySurface89Shape,"{""front"":114}","{""front_center"":59,""front_left"":20,""front_right"":35}"
100,17940,1413,1578,1479,2006,0.7056868,0.1111176,-0.0014205,-0.999999,21,polySurface89Shape,"{""front"":21}","{""front_center"":5,""front_left"":16}"
101,16299,1504,1579,1567,2003,0.7507222,0.1146818,-0.0008941,-0.9999996,22,polySurface89Shape,"{""front"":22}","{""front_center"":6,""front_right"":16}"
102,17168,1890,1594,1946,2025,0.9375828,0.1031817,0.0051026,-0.999987,16,polySurface89Shape,"{""front"":16}","{""front_center"":9,""front_left"":7}"
103,15105,1976,1598,2024,2027,0.9775567,0.101636,-0.0033337,-0.9999944,20,polySurface89Shape,"{""front"":20}","{""front_center"":20}"
104,1139,1383,1603,1398,1729,0.678059,0.1868234,-0.0085255,-0.9999637,3,polySurface89Shape,"{""front"":3}","{""front_right"":3}"
105,661,1299,1628,1322,1687,0.6417391,0.1931087,0.2815645,-0.9595423,3,polySurface89Shape,"{""front"":3}","{""front_right"":3}"
106,4678,1275,1653,1295,1976,0.6287264,0.1058698,-0.0083553,-0.9999651,11,polySurface89Shape,"{""front"":11}","{""front_center"":2,""front_right"":9}"
107,8394,749,1672,808,1953,0.3841255,0.1259233,0.0833611,-0.9965194,23,polySurface80Shape,"{""side"":23}","{""side_left"":23}"
108,8654,674,1674,729,1948,0.3402548,0.1227525,-0.0290338,-0.9995784,23,polySurface80Shape,"{""side"":23}","{""side_right"":23}"
109,8479,1159,1713,1213,1985,0.5785739,0.1060908,-0.0083423,-0.9999652,23,polySurface80Shape,"{""side"":23}","{""side_right"":23}"
110,2851,1325,1713,1338,1992,0.6511886,0.0942634,-0.0024313,-0.999997,9,polySurface89Shape,"{""front"":9}","{""front_center"":2,""front_right"":7}"
111,1847,1378,1744,1388,1965,0.6761328,0.0955653,-6.1e-06,-1.0,6,polySurface89Shape,"{""front"":6}","{""front_left"":6}"
