"幕","卡号","来源分类","可用判断","是否可用","画面时长秒","原音频时长秒","提取音频时长秒","音画比例","源视频","提取文件","仓库文件"
"第二幕","卡2-1","第二幕","完整可用","是","5.167","5.184","5.184","1.003","C:\Users\19308\Desktop\第二幕\21a.mp4","E:\AIAudio\outputs\001_video_audio_extract\第二幕\21a__4ab77738f9.wav","C:\Users\19308\Documents\Obsidian\ten-yuan-vault\方\04_声音设计\声音仓库\第二幕\卡2-1\第二幕__21a__4ab77738f9.wav"
"第二幕","卡2-2","第二幕","完整可用","是","3.042","3.042","3.072","1.01","C:\Users\19308\Desktop\第二幕\22.mp4","E:\AIAudio\outputs\001_video_audio_extract\第二幕\22__665293109c.wav","C:\Users\19308\Documents\Obsidian\ten-yuan-vault\方\04_声音设计\声音仓库\第二幕\卡2-2\第二幕__22__665293109c.wav"
"第二幕","卡2-2","第二幕","完整可用","是","2.333","2.325","2.336","1.001","C:\Users\19308\Desktop\第二幕\23.mp4","E:\AIAudio\outputs\001_video_audio_extract\第二幕\23__4eb82a35b7.wav","C:\Users\19308\Documents\Obsidian\ten-yuan-vault\方\04_声音设计\声音仓库\第二幕\卡2-2\第二幕__23__4eb82a35b7.wav"
"第一幕","卡1-3","第一幕","完整可用","是","15.042","15.069","15.07","1.002","C:\Users\19308\Desktop\第一幕\绘蛙-任务326551802.mp4","E:\AIAudio\outputs\001_video_audio_extract\第一幕\绘蛙-任务326551802__5afa85a7e9.wav","C:\Users\19308\Documents\Obsidian\ten-yuan-vault\方\04_声音设计\声音仓库\第一幕\卡1-3\第一幕__绘蛙-任务326551802__5afa85a7e9.wav"
"第一幕","卡1-1","第一幕","完整可用","是","14.042","14.042","14.059","1.001","C:\Users\19308\Desktop\第一幕\kling_20260810_作品____1_1_山河总_56_0.mp4","E:\AIAudio\outputs\001_video_audio_extract\第一幕\kling_20260810_作品____1_1_山河总_56_0__42f1e1438a.wav","C:\Users\19308\Documents\Obsidian\ten-yuan-vault\方\04_声音设计\声音仓库\第一幕\卡1-1\第一幕__kling_20260810_作品____1_1_山河总_56_0__42f1e1438a.wav"
"第一幕","卡1-2","第一幕","完整可用","是","14.042","14.042","14.059","1.001","C:\Users\19308\Desktop\第一幕\kling_20260816_作品_将作为首帧_图片1__301_0.mp4","E:\AIAudio\outputs\001_video_audio_extract\第一幕\kling_20260816_作品_将作为首帧_图片1__301_0__ed6c221cbc.wav","C:\Users\19308\Documents\Obsidian\ten-yuan-vault\方\04_声音设计\声音仓库\第一幕\卡1-2\第一幕__kling_20260816_作品_将作为首帧_图片1__301_0__ed6c221cbc.wav"
"第三幕","卡3-1","第三幕视频_备用","完整可用","是","5.875","5.875","5.888","1.002","C:\Users\19308\Desktop\方志敏\备用可用视频\第三幕\3-1A_狱中谈话.mp4","E:\AIAudio\outputs\001_video_audio_extract\第三幕视频_备用\3-1A_狱中谈话__94bd6cc907.wav","C:\Users\19308\Documents\Obsidian\ten-yuan-vault\方\04_声音设计\声音仓库\第三幕\卡3-1\第三幕视频_备用__3-1A_狱中谈话__94bd6cc907.wav"
"第三幕","卡3-1","第三幕视频_备用","完整可用","是","5.875","5.875","5.888","1.002","C:\Users\19308\Desktop\方志敏\备用可用视频\第三幕\3-1A_jail_talk.mp4","E:\AIAudio\outputs\001_video_audio_extract\第三幕视频_备用\3-1A_jail_talk__2e9056fdb9.wav","C:\Users\19308\Documents\Obsidian\ten-yuan-vault\方\04_声音设计\声音仓库\第三幕\卡3-1\第三幕视频_备用__3-1A_jail_talk__2e9056fdb9.wav"
"第三幕","卡3-1","第三幕视频_备用","完整可用","是","6.583","6.575","6.592","1.001","C:\Users\19308\Desktop\方志敏\备用可用视频\第三幕\3-1B_方志敏回答.mp4","E:\AIAudio\outputs\001_video_audio_extract\第三幕视频_备用\3-1B_方志敏回答__eeb25fc7aa.wav","C:\Users\19308\Documents\Obsidian\ten-yuan-vault\方\04_声音设计\声音仓库\第三幕\卡3-1\第三幕视频_备用__3-1B_方志敏回答__eeb25fc7aa.wav"
"第三幕","卡3-1","第三幕视频_备用","完整可用","是","6.583","6.575","6.592","1.001","C:\Users\19308\Desktop\方志敏\备用可用视频\第三幕\3-1B_fang_answer.mp4","E:\AIAudio\outputs\001_video_audio_extract\第三幕视频_备用\3-1B_fang_answer__3540802d64.wav","C:\Users\19308\Documents\Obsidian\ten-yuan-vault\方\04_声音设计\声音仓库\第三幕\卡3-1\第三幕视频_备用__3-1B_fang_answer__3540802d64.wav"
"第三幕","卡3-2","第三幕视频_备用","完整可用","是","4.458","4.45","4.48","1.005","C:\Users\19308\Desktop\方志敏\备用可用视频\第三幕\3-2A_递报纸_新版.mp4","E:\AIAudio\outputs\001_video_audio_extract\第三幕视频_备用\3-2A_递报纸_新版__4c41f760e2.wav","C:\Users\19308\Documents\Obsidian\ten-yuan-vault\方\04_声音设计\声音仓库\第三幕\卡3-2\第三幕视频_备用__3-2A_递报纸_新版__4c41f760e2.wav"
"第三幕","卡3-2","第三幕视频_备用","完整可用","是","4.458","4.45","4.48","1.005","C:\Users\19308\Desktop\方志敏\备用可用视频\第三幕\3-2A_newspaper_v2.mp4","E:\AIAudio\outputs\001_video_audio_extract\第三幕视频_备用\3-2A_newspaper_v2__cd1dcbdd2f.wav","C:\Users\19308\Documents\Obsidian\ten-yuan-vault\方\04_声音设计\声音仓库\第三幕\卡3-2\第三幕视频_备用__3-2A_newspaper_v2__cd1dcbdd2f.wav"
"第三幕","卡3-2","第三幕视频_备用","完整可用","是","5.167","5.167","5.184","1.003","C:\Users\19308\Desktop\方志敏\备用可用视频\第三幕\3-2A_newspaper.mp4","E:\AIAudio\outputs\001_video_audio_extract\第三幕视频_备用\3-2A_newspaper__4499dfd225.wav","C:\Users\19308\Documents\Obsidian\ten-yuan-vault\方\04_声音设计\声音仓库\第三幕\卡3-2\第三幕视频_备用__3-2A_newspaper__4499dfd225.wav"
"第三幕","卡3-3","第三幕视频_备用","完整可用","是","1.625","1.625","1.632","1.004","C:\Users\19308\Desktop\方志敏\备用可用视频\第三幕\3-3A_窥视.mp4","E:\AIAudio\outputs\001_video_audio_extract\第三幕视频_备用\3-3A_窥视__8596f2050b.wav","C:\Users\19308\Documents\Obsidian\ten-yuan-vault\方\04_声音设计\声音仓库\第三幕\卡3-3\第三幕视频_备用__3-3A_窥视__8596f2050b.wav"
"第三幕","卡3-3","第三幕视频_备用","短段可用（只提取现有音频）","是","1.833","0.925","0.928","0.506","C:\Users\19308\Desktop\方志敏\备用可用视频\第三幕\3-3A_fat_face_to_gutong_candidate.mp4","E:\AIAudio\outputs\001_video_audio_extract\第三幕视频_备用\3-3A_fat_face_to_gutong_candidate__3c3ca32082.wav","C:\Users\19308\Documents\Obsidian\ten-yuan-vault\方\04_声音设计\声音仓库\第三幕\卡3-3\第三幕视频_备用__3-3A_fat_face_to_gutong_candidate__3c3ca32082.wav"
"第三幕","卡3-3","第三幕视频_备用","完整可用","是","1.625","1.625","1.632","1.004","C:\Users\19308\Desktop\方志敏\备用可用视频\第三幕\3-3A_peek.mp4","E:\AIAudio\outputs\001_video_audio_extract\第三幕视频_备用\3-3A_peek__8ac27235df.wav","C:\Users\19308\Documents\Obsidian\ten-yuan-vault\方\04_声音设计\声音仓库\第三幕\卡3-3\第三幕视频_备用__3-3A_peek__8ac27235df.wav"
"第三幕","卡3-3","第三幕视频_备用","完整可用","是","1.625","1.625","1.632","1.004","C:\Users\19308\Desktop\方志敏\备用可用视频\第三幕\3-3A_v2_720p.mp4","E:\AIAudio\outputs\001_video_audio_extract\第三幕视频_备用\3-3A_v2_720p__2bf4362e2a.wav","C:\Users\19308\Documents\Obsidian\ten-yuan-vault\方\04_声音设计\声音仓库\第三幕\卡3-3\第三幕视频_备用__3-3A_v2_720p__2bf4362e2a.wav"
"第三幕","卡3-3","第三幕视频_备用","完整可用","是","3.75","3.75","3.776","1.007","C:\Users\19308\Desktop\方志敏\备用可用视频\第三幕\3-3B_告发_v3.mp4","E:\AIAudio\outputs\001_video_audio_extract\第三幕视频_备用\3-3B_告发_v3__7077598681.wav","C:\Users\19308\Documents\Obsidian\ten-yuan-vault\方\04_声音设计\声音仓库\第三幕\卡3-3\第三幕视频_备用__3-3B_告发_v3__7077598681.wav"
"第三幕","卡3-3","第三幕视频_备用","完整可用","是","3.75","3.75","3.776","1.007","C:\Users\19308\Desktop\方志敏\备用可用视频\第三幕\3-3B_report_v2.mp4","E:\AIAudio\outputs\001_video_audio_extract\第三幕视频_备用\3-3B_report_v2__495583a580.wav","C:\Users\19308\Documents\Obsidian\ten-yuan-vault\方\04_声音设计\声音仓库\第三幕\卡3-3\第三幕视频_备用__3-3B_report_v2__495583a580.wav"
"第三幕","卡3-3","第三幕视频_备用","完整可用","是","6.583","6.575","6.592","1.001","C:\Users\19308\Desktop\方志敏\备用可用视频\第三幕\3-3B_report.mp4","E:\AIAudio\outputs\001_video_audio_extract\第三幕视频_备用\3-3B_report__79fd51268e.wav","C:\Users\19308\Documents\Obsidian\ten-yuan-vault\方\04_声音设计\声音仓库\第三幕\卡3-3\第三幕视频_备用__3-3B_report__79fd51268e.wav"
"第三幕","卡3-3","第三幕视频_备用","完整可用","是","5.167","5.167","5.184","1.003","C:\Users\19308\Desktop\方志敏\备用可用视频\第三幕\3-3C_顾祝同下令锁.mp4","E:\AIAudio\outputs\001_video_audio_extract\第三幕视频_备用\3-3C_顾祝同下令锁__9072210ad6.wav","C:\Users\19308\Documents\Obsidian\ten-yuan-vault\方\04_声音设计\声音仓库\第三幕\卡3-3\第三幕视频_备用__3-3C_顾祝同下令锁__9072210ad6.wav"
"第三幕","卡3-1","第三幕视频_当前","完整可用","是","5.875","5.875","5.888","1.002","C:\Users\19308\Desktop\方志敏\第三幕_视频\3-1A_狱中谈话.mp4","E:\AIAudio\outputs\001_video_audio_extract\第三幕视频_当前\3-1A_狱中谈话__ccd8b15455.wav","C:\Users\19308\Documents\Obsidian\ten-yuan-vault\方\04_声音设计\声音仓库\第三幕\卡3-1\第三幕视频_当前__3-1A_狱中谈话__ccd8b15455.wav"
"第三幕","卡3-1","第三幕视频_当前","完整可用","是","5.875","5.875","5.888","1.002","C:\Users\19308\Desktop\方志敏\第三幕_视频\3-1A_jail_talk.mp4","E:\AIAudio\outputs\001_video_audio_extract\第三幕视频_当前\3-1A_jail_talk__380dc3e41e.wav","C:\Users\19308\Documents\Obsidian\ten-yuan-vault\方\04_声音设计\声音仓库\第三幕\卡3-1\第三幕视频_当前__3-1A_jail_talk__380dc3e41e.wav"
"第三幕","卡3-1","第三幕视频_当前","完整可用","是","6.583","6.575","6.592","1.001","C:\Users\19308\Desktop\方志敏\第三幕_视频\3-1B_方志敏回答.mp4","E:\AIAudio\outputs\001_video_audio_extract\第三幕视频_当前\3-1B_方志敏回答__4bcc353c9a.wav","C:\Users\19308\Documents\Obsidian\ten-yuan-vault\方\04_声音设计\声音仓库\第三幕\卡3-1\第三幕视频_当前__3-1B_方志敏回答__4bcc353c9a.wav"
"第三幕","卡3-1","第三幕视频_当前","完整可用","是","6.583","6.575","6.592","1.001","C:\Users\19308\Desktop\方志敏\第三幕_视频\3-1B_fang_answer.mp4","E:\AIAudio\outputs\001_video_audio_extract\第三幕视频_当前\3-1B_fang_answer__2c5f1d30ab.wav","C:\Users\19308\Documents\Obsidian\ten-yuan-vault\方\04_声音设计\声音仓库\第三幕\卡3-1\第三幕视频_当前__3-1B_fang_answer__2c5f1d30ab.wav"
"第三幕","卡3-2","第三幕视频_当前","完整可用","是","4.458","4.45","4.48","1.005","C:\Users\19308\Desktop\方志敏\第三幕_视频\3-2A_递报纸_新版.mp4","E:\AIAudio\outputs\001_video_audio_extract\第三幕视频_当前\3-2A_递报纸_新版__da5018c0ad.wav","C:\Users\19308\Documents\Obsidian\ten-yuan-vault\方\04_声音设计\声音仓库\第三幕\卡3-2\第三幕视频_当前__3-2A_递报纸_新版__da5018c0ad.wav"
"第三幕","卡3-2","第三幕视频_当前","完整可用","是","4.458","4.45","4.48","1.005","C:\Users\19308\Desktop\方志敏\第三幕_视频\3-2A_newspaper_v2.mp4","E:\AIAudio\outputs\001_video_audio_extract\第三幕视频_当前\3-2A_newspaper_v2__c2da833d6f.wav","C:\Users\19308\Documents\Obsidian\ten-yuan-vault\方\04_声音设计\声音仓库\第三幕\卡3-2\第三幕视频_当前__3-2A_newspaper_v2__c2da833d6f.wav"
"第三幕","卡3-2","第三幕视频_当前","完整可用","是","5.167","5.167","5.184","1.003","C:\Users\19308\Desktop\方志敏\第三幕_视频\3-2A_newspaper.mp4","E:\AIAudio\outputs\001_video_audio_extract\第三幕视频_当前\3-2A_newspaper__91cb8021d3.wav","C:\Users\19308\Documents\Obsidian\ten-yuan-vault\方\04_声音设计\声音仓库\第三幕\卡3-2\第三幕视频_当前__3-2A_newspaper__91cb8021d3.wav"
"第三幕","卡3-2","第三幕视频_当前","完整可用","是","5.167","5.167","5.184","1.003","C:\Users\19308\Desktop\方志敏\第三幕_视频\3-2A_test.mp4","E:\AIAudio\outputs\001_video_audio_extract\第三幕视频_当前\3-2A_test__811ecb37f8.wav","C:\Users\19308\Documents\Obsidian\ten-yuan-vault\方\04_声音设计\声音仓库\第三幕\卡3-2\第三幕视频_当前__3-2A_test__811ecb37f8.wav"
"第三幕","卡3-2","第三幕视频_当前","完整可用","是","5.167","5.167","5.184","1.003","C:\Users\19308\Desktop\方志敏\第三幕_视频\3-2B_脚镣.mp4","E:\AIAudio\outputs\001_video_audio_extract\第三幕视频_当前\3-2B_脚镣__f04902a3c1.wav","C:\Users\19308\Documents\Obsidian\ten-yuan-vault\方\04_声音设计\声音仓库\第三幕\卡3-2\第三幕视频_当前__3-2B_脚镣__f04902a3c1.wav"
"第三幕","卡3-2","第三幕视频_当前","完整可用","是","5.167","5.167","5.184","1.003","C:\Users\19308\Desktop\方志敏\第三幕_视频\3-2B_shackles.mp4","E:\AIAudio\outputs\001_video_audio_extract\第三幕视频_当前\3-2B_shackles__a446d904ca.wav","C:\Users\19308\Documents\Obsidian\ten-yuan-vault\方\04_声音设计\声音仓库\第三幕\卡3-2\第三幕视频_当前__3-2B_shackles__a446d904ca.wav"
"第三幕","卡3-2","第三幕视频_当前","完整可用","是","6.583","6.575","6.592","1.001","C:\Users\19308\Desktop\方志敏\第三幕_视频\3-2C_6s_fast.mp4","E:\AIAudio\outputs\001_video_audio_extract\第三幕视频_当前\3-2C_6s_fast__9f17b395f5.wav","C:\Users\19308\Documents\Obsidian\ten-yuan-vault\方\04_声音设计\声音仓库\第三幕\卡3-2\第三幕视频_当前__3-2C_6s_fast__9f17b395f5.wav"
"第三幕","卡3-3","第三幕视频_当前","完整可用","是","1.625","1.625","1.632","1.004","C:\Users\19308\Desktop\方志敏\第三幕_视频\3-3A_窥视.mp4","E:\AIAudio\outputs\001_video_audio_extract\第三幕视频_当前\3-3A_窥视__db7989458b.wav","C:\Users\19308\Documents\Obsidian\ten-yuan-vault\方\04_声音设计\声音仓库\第三幕\卡3-3\第三幕视频_当前__3-3A_窥视__db7989458b.wav"
"第三幕","卡3-3","第三幕视频_当前","短段可用（只提取现有音频）","是","1.833","0.925","0.928","0.506","C:\Users\19308\Desktop\方志敏\第三幕_视频\3-3A_fat_face_to_gutong_candidate.mp4","E:\AIAudio\outputs\001_video_audio_extract\第三幕视频_当前\3-3A_fat_face_to_gutong_candidate__27886ffd71.wav","C:\Users\19308\Documents\Obsidian\ten-yuan-vault\方\04_声音设计\声音仓库\第三幕\卡3-3\第三幕视频_当前__3-3A_fat_face_to_gutong_candidate__27886ffd71.wav"
"第三幕","卡3-3","第三幕视频_当前","完整可用","是","1.625","1.625","1.632","1.004","C:\Users\19308\Desktop\方志敏\第三幕_视频\3-3A_peek.mp4","E:\AIAudio\outputs\001_video_audio_extract\第三幕视频_当前\3-3A_peek__6245ca855e.wav","C:\Users\19308\Documents\Obsidian\ten-yuan-vault\方\04_声音设计\声音仓库\第三幕\卡3-3\第三幕视频_当前__3-3A_peek__6245ca855e.wav"
"第三幕","卡3-3","第三幕视频_当前","完整可用","是","1.625","1.625","1.632","1.004","C:\Users\19308\Desktop\方志敏\第三幕_视频\3-3A_v2_720p.mp4","E:\AIAudio\outputs\001_video_audio_extract\第三幕视频_当前\3-3A_v2_720p__41006c95e0.wav","C:\Users\19308\Documents\Obsidian\ten-yuan-vault\方\04_声音设计\声音仓库\第三幕\卡3-3\第三幕视频_当前__3-3A_v2_720p__41006c95e0.wav"
"第三幕","卡3-3","第三幕视频_当前","完整可用","是","3.75","3.75","3.776","1.007","C:\Users\19308\Desktop\方志敏\第三幕_视频\3-3B_告发_v3.mp4","E:\AIAudio\outputs\001_video_audio_extract\第三幕视频_当前\3-3B_告发_v3__894d242f81.wav","C:\Users\19308\Documents\Obsidian\ten-yuan-vault\方\04_声音设计\声音仓库\第三幕\卡3-3\第三幕视频_当前__3-3B_告发_v3__894d242f81.wav"
"第三幕","卡3-3","第三幕视频_当前","完整可用","是","3.75","3.75","3.776","1.007","C:\Users\19308\Desktop\方志敏\第三幕_视频\3-3B_report_v2.mp4","E:\AIAudio\outputs\001_video_audio_extract\第三幕视频_当前\3-3B_report_v2__5f06dc5424.wav","C:\Users\19308\Documents\Obsidian\ten-yuan-vault\方\04_声音设计\声音仓库\第三幕\卡3-3\第三幕视频_当前__3-3B_report_v2__5f06dc5424.wav"
"第三幕","卡3-3","第三幕视频_当前","完整可用","是","6.583","6.575","6.592","1.001","C:\Users\19308\Desktop\方志敏\第三幕_视频\3-3B_report.mp4","E:\AIAudio\outputs\001_video_audio_extract\第三幕视频_当前\3-3B_report__777951b1a2.wav","C:\Users\19308\Documents\Obsidian\ten-yuan-vault\方\04_声音设计\声音仓库\第三幕\卡3-3\第三幕视频_当前__3-3B_report__777951b1a2.wav"
"第三幕","卡3-3","第三幕视频_当前","完整可用","是","5.167","5.167","5.184","1.003","C:\Users\19308\Desktop\方志敏\第三幕_视频\3-3C_顾祝同下令.mp4","E:\AIAudio\outputs\001_video_audio_extract\第三幕视频_当前\3-3C_顾祝同下令__c8923d86c9.wav","C:\Users\19308\Documents\Obsidian\ten-yuan-vault\方\04_声音设计\声音仓库\第三幕\卡3-3\第三幕视频_当前__3-3C_顾祝同下令__c8923d86c9.wav"
"第三幕","卡3-3","第三幕视频_当前","完整可用","是","5.167","5.167","5.184","1.003","C:\Users\19308\Desktop\方志敏\第三幕_视频\3-3C_guzhutong_order.mp4","E:\AIAudio\outputs\001_video_audio_extract\第三幕视频_当前\3-3C_guzhutong_order__7a5c0f8f78.wav","C:\Users\19308\Documents\Obsidian\ten-yuan-vault\方\04_声音设计\声音仓库\第三幕\卡3-3\第三幕视频_当前__3-3C_guzhutong_order__7a5c0f8f78.wav"
"第四幕","卡4-1","第四幕视频","完整可用","是","3.042","3.042","3.072","1.01","C:\Users\19308\Desktop\方志敏\第四幕_视频\4-1_告别.mp4","E:\AIAudio\outputs\001_video_audio_extract\第四幕视频\4-1_告别__7ea35d53b5.wav","C:\Users\19308\Documents\Obsidian\ten-yuan-vault\方\04_声音设计\声音仓库\第四幕\卡4-1\第四幕视频__4-1_告别__7ea35d53b5.wav"
"第四幕","卡4-1","第四幕视频","完整可用","是","3.042","3.042","3.072","1.01","C:\Users\19308\Desktop\方志敏\第四幕_视频\4-1_farewell.mp4","E:\AIAudio\outputs\001_video_audio_extract\第四幕视频\4-1_farewell__2b2139ad03.wav","C:\Users\19308\Documents\Obsidian\ten-yuan-vault\方\04_声音设计\声音仓库\第四幕\卡4-1\第四幕视频__4-1_farewell__2b2139ad03.wav"
"第四幕","卡4-2","第四幕视频","短段可用（只提取现有音频）","是","5.625","3.75","3.776","0.671","C:\Users\19308\Desktop\方志敏\第四幕_视频\4-2_搜房.mp4","E:\AIAudio\outputs\001_video_audio_extract\第四幕视频\4-2_搜房__8e7ad8fb68.wav","C:\Users\19308\Documents\Obsidian\ten-yuan-vault\方\04_声音设计\声音仓库\第四幕\卡4-2\第四幕视频__4-2_搜房__8e7ad8fb68.wav"
"第四幕","卡4-2","第四幕视频","完整可用","是","4.458","4.45","4.48","1.005","C:\Users\19308\Desktop\方志敏\第四幕_视频\4-2_search_current.mp4","E:\AIAudio\outputs\001_video_audio_extract\第四幕视频\4-2_search_current__022183c86a.wav","C:\Users\19308\Documents\Obsidian\ten-yuan-vault\方\04_声音设计\声音仓库\第四幕\卡4-2\第四幕视频__4-2_search_current__022183c86a.wav"
"第四幕","卡4-2","第四幕视频","短段可用（只提取现有音频）","是","5.625","3.75","3.776","0.671","C:\Users\19308\Desktop\方志敏\第四幕_视频\4-2_search.mp4","E:\AIAudio\outputs\001_video_audio_extract\第四幕视频\4-2_search__cf431e6d88.wav","C:\Users\19308\Documents\Obsidian\ten-yuan-vault\方\04_声音设计\声音仓库\第四幕\卡4-2\第四幕视频__4-2_search__cf431e6d88.wav"
"第四幕","卡4-3","第四幕视频","短段可用（只提取现有音频）","是","3.5","2.325","2.336","0.667","C:\Users\19308\Desktop\方志敏\第四幕_视频\4-3_开砖交稿.mp4","E:\AIAudio\outputs\001_video_audio_extract\第四幕视频\4-3_开砖交稿__bff4dd1dcc.wav","C:\Users\19308\Documents\Obsidian\ten-yuan-vault\方\04_声音设计\声音仓库\第四幕\卡4-3\第四幕视频__4-3_开砖交稿__bff4dd1dcc.wav"
"第四幕","卡4-3","第四幕视频","短段可用（只提取现有音频）","是","3.5","2.325","2.336","0.667","C:\Users\19308\Desktop\方志敏\第四幕_视频\4-3_brick.mp4","E:\AIAudio\outputs\001_video_audio_extract\第四幕视频\4-3_brick__e206f1c9c9.wav","C:\Users\19308\Documents\Obsidian\ten-yuan-vault\方\04_声音设计\声音仓库\第四幕\卡4-3\第四幕视频__4-3_brick__e206f1c9c9.wav"
"第四幕","卡4-3","第四幕视频","短段可用（只提取现有音频）","是","3.5","2.325","2.336","0.667","C:\Users\19308\Desktop\方志敏\第四幕_视频\4-3_hide_under_bed_candidate.mp4","E:\AIAudio\outputs\001_video_audio_extract\第四幕视频\4-3_hide_under_bed_candidate__aac7ec7e0f.wav","C:\Users\19308\Documents\Obsidian\ten-yuan-vault\方\04_声音设计\声音仓库\第四幕\卡4-3\第四幕视频__4-3_hide_under_bed_candidate__aac7ec7e0f.wav"
"第四幕","卡4-3","第四幕视频","短段可用（只提取现有音频）","是","6.083","3.05","3.072","0.505","C:\Users\19308\Desktop\方志敏\第四幕_视频\4-3_v2.mp4","E:\AIAudio\outputs\001_video_audio_extract\第四幕视频\4-3_v2__010e27a02c.wav","C:\Users\19308\Documents\Obsidian\ten-yuan-vault\方\04_声音设计\声音仓库\第四幕\卡4-3\第四幕视频__4-3_v2__010e27a02c.wav"
"第四幕","卡4-3","第四幕视频","短段可用（只提取现有音频）","是","6.083","3.05","3.072","0.505","C:\Users\19308\Desktop\方志敏\第四幕_视频\4-3_v4.mp4","E:\AIAudio\outputs\001_video_audio_extract\第四幕视频\4-3_v4__8e587e7204.wav","C:\Users\19308\Documents\Obsidian\ten-yuan-vault\方\04_声音设计\声音仓库\第四幕\卡4-3\第四幕视频__4-3_v4__8e587e7204.wav"
"第四幕","卡4-3","第四幕视频","短段可用（只提取现有音频）","是","6.083","3.05","3.072","0.505","C:\Users\19308\Desktop\方志敏\第四幕_视频\4-3_v5.mp4","E:\AIAudio\outputs\001_video_audio_extract\第四幕视频\4-3_v5__9febee5891.wav","C:\Users\19308\Documents\Obsidian\ten-yuan-vault\方\04_声音设计\声音仓库\第四幕\卡4-3\第四幕视频__4-3_v5__9febee5891.wav"
"第四幕","卡4-3","第四幕视频","短段可用（只提取现有音频）","是","6.083","3.05","3.072","0.505","C:\Users\19308\Desktop\方志敏\第四幕_视频\4-3_v6.mp4","E:\AIAudio\outputs\001_video_audio_extract\第四幕视频\4-3_v6__d29ad5c969.wav","C:\Users\19308\Documents\Obsidian\ten-yuan-vault\方\04_声音设计\声音仓库\第四幕\卡4-3\第四幕视频__4-3_v6__d29ad5c969.wav"
"第四幕","卡4-3","第四幕视频","短段可用（只提取现有音频）","是","6.083","3.05","3.072","0.505","C:\Users\19308\Desktop\方志敏\第四幕_视频\4-3_v7.mp4","E:\AIAudio\outputs\001_video_audio_extract\第四幕视频\4-3_v7__ad46d34381.wav","C:\Users\19308\Documents\Obsidian\ten-yuan-vault\方\04_声音设计\声音仓库\第四幕\卡4-3\第四幕视频__4-3_v7__ad46d34381.wav"
"第四幕","卡4-3","第四幕视频","短段可用（只提取现有音频）","是","3.25","1.625","1.632","0.502","C:\Users\19308\Desktop\方志敏\第四幕_视频\4-3.mp4","E:\AIAudio\outputs\001_video_audio_extract\第四幕视频\4-3__f931600540.wav","C:\Users\19308\Documents\Obsidian\ten-yuan-vault\方\04_声音设计\声音仓库\第四幕\卡4-3\第四幕视频__4-3__f931600540.wav"
"第四幕","卡4-4","第四幕视频","完整可用","是","2.333","2.325","2.336","1.001","C:\Users\19308\Desktop\方志敏\第四幕_视频\4-4_胖凶瘦.mp4","E:\AIAudio\outputs\001_video_audio_extract\第四幕视频\4-4_胖凶瘦__c980bc175f.wav","C:\Users\19308\Documents\Obsidian\ten-yuan-vault\方\04_声音设计\声音仓库\第四幕\卡4-4\第四幕视频__4-4_胖凶瘦__c980bc175f.wav"
"第四幕","卡4-4","第四幕视频","完整可用","是","2.333","2.325","2.336","1.001","C:\Users\19308\Desktop\方志敏\第四幕_视频\4-4_threat_current.mp4","E:\AIAudio\outputs\001_video_audio_extract\第四幕视频\4-4_threat_current__fa4dcc077a.wav","C:\Users\19308\Documents\Obsidian\ten-yuan-vault\方\04_声音设计\声音仓库\第四幕\卡4-4\第四幕视频__4-4_threat_current__fa4dcc077a.wav"
"第四幕","卡4-4","第四幕视频","完整可用","是","2.333","2.325","2.336","1.001","C:\Users\19308\Desktop\方志敏\第四幕_视频\4-4_threat.mp4","E:\AIAudio\outputs\001_video_audio_extract\第四幕视频\4-4_threat__06dc0cb222.wav","C:\Users\19308\Documents\Obsidian\ten-yuan-vault\方\04_声音设计\声音仓库\第四幕\卡4-4\第四幕视频__4-4_threat__06dc0cb222.wav"
"第四幕","卡4-4","第四幕视频","完整可用","是","3.042","3.042","3.072","1.01","C:\Users\19308\Desktop\方志敏\第四幕_视频\4-4.mp4","E:\AIAudio\outputs\001_video_audio_extract\第四幕视频\4-4__01b2b6fe65.wav","C:\Users\19308\Documents\Obsidian\ten-yuan-vault\方\04_声音设计\声音仓库\第四幕\卡4-4\第四幕视频__4-4__01b2b6fe65.wav"
"第四幕","卡4-5","第四幕视频","短段可用（只提取现有音频）","是","3.5","2.325","2.336","0.667","C:\Users\19308\Desktop\方志敏\第四幕_视频\4-5C_窗口递稿.mp4","E:\AIAudio\outputs\001_video_audio_extract\第四幕视频\4-5C_窗口递稿__9960da7e4c.wav","C:\Users\19308\Documents\Obsidian\ten-yuan-vault\方\04_声音设计\声音仓库\第四幕\卡4-5\第四幕视频__4-5C_窗口递稿__9960da7e4c.wav"
"第四幕","卡4-5","第四幕视频","短段可用（只提取现有音频）","是","3.5","2.325","2.336","0.667","C:\Users\19308\Desktop\方志敏\第四幕_视频\4-5C_window.mp4","E:\AIAudio\outputs\001_video_audio_extract\第四幕视频\4-5C_window__a5a483e5f3.wav","C:\Users\19308\Documents\Obsidian\ten-yuan-vault\方\04_声音设计\声音仓库\第四幕\卡4-5\第四幕视频__4-5C_window__a5a483e5f3.wav"
"第四幕","卡4-5","第四幕视频","短段可用（只提取现有音频）","是","3.5","2.325","2.336","0.667","C:\Users\19308\Desktop\方志敏\第四幕_视频\4-5C.mp4","E:\AIAudio\outputs\001_video_audio_extract\第四幕视频\4-5C__2f45272ba9.wav","C:\Users\19308\Documents\Obsidian\ten-yuan-vault\方\04_声音设计\声音仓库\第四幕\卡4-5\第四幕视频__4-5C__2f45272ba9.wav"
"第四幕","卡4-5","第四幕视频","完整可用","是","2.333","2.325","2.336","1.001","C:\Users\19308\Desktop\方志敏\第四幕_视频\4-5D_瘦凶手下.mp4","E:\AIAudio\outputs\001_video_audio_extract\第四幕视频\4-5D_瘦凶手下__2abb1ce122.wav","C:\Users\19308\Documents\Obsidian\ten-yuan-vault\方\04_声音设计\声音仓库\第四幕\卡4-5\第四幕视频__4-5D_瘦凶手下__2abb1ce122.wav"
"第四幕","卡4-5","第四幕视频","完整可用","是","2.333","2.325","2.336","1.001","C:\Users\19308\Desktop\方志敏\第四幕_视频\4-5D_order.mp4","E:\AIAudio\outputs\001_video_audio_extract\第四幕视频\4-5D_order__5187b6aedb.wav","C:\Users\19308\Documents\Obsidian\ten-yuan-vault\方\04_声音设计\声音仓库\第四幕\卡4-5\第四幕视频__4-5D_order__5187b6aedb.wav"
"第四幕","卡4-5","第四幕视频","完整可用","是","2.333","2.325","2.336","1.001","C:\Users\19308\Desktop\方志敏\第四幕_视频\4-5D.mp4","E:\AIAudio\outputs\001_video_audio_extract\第四幕视频\4-5D__0df8dc722a.wav","C:\Users\19308\Documents\Obsidian\ten-yuan-vault\方\04_声音设计\声音仓库\第四幕\卡4-5\第四幕视频__4-5D__0df8dc722a.wav"
"第四幕","卡4-6","第四幕视频","短段可用（只提取现有音频）","是","13.375","4.45","4.48","0.335","C:\Users\19308\Desktop\方志敏\第四幕_视频\4-6_红黑四手传递.mp4","E:\AIAudio\outputs\001_video_audio_extract\第四幕视频\4-6_红黑四手传递__d294df677c.wav","C:\Users\19308\Documents\Obsidian\ten-yuan-vault\方\04_声音设计\声音仓库\第四幕\卡4-6\第四幕视频__4-6_红黑四手传递__d294df677c.wav"
"第四幕","卡4-6","第四幕视频","完整可用","是","5.167","5.167","5.184","1.003","C:\Users\19308\Desktop\方志敏\第四幕_视频\4-6_four_hands_8fps_15s.mp4","E:\AIAudio\outputs\001_video_audio_extract\第四幕视频\4-6_four_hands_8fps_15s__460e547d28.wav","C:\Users\19308\Documents\Obsidian\ten-yuan-vault\方\04_声音设计\声音仓库\第四幕\卡4-6\第四幕视频__4-6_four_hands_8fps_15s__460e547d28.wav"
"第四幕","卡4-6","第四幕视频","短段可用（只提取现有音频）","是","15.5","5.175","5.184","0.334","C:\Users\19308\Desktop\方志敏\第四幕_视频\4-6_four_hands_in_out.mp4","E:\AIAudio\outputs\001_video_audio_extract\第四幕视频\4-6_four_hands_in_out__ddcf341ac3.wav","C:\Users\19308\Documents\Obsidian\ten-yuan-vault\方\04_声音设计\声音仓库\第四幕\卡4-6\第四幕视频__4-6_four_hands_in_out__ddcf341ac3.wav"
"第四幕","卡4-6","第四幕视频","短段可用（只提取现有音频）","是","13.375","4.45","4.48","0.335","C:\Users\19308\Desktop\方志敏\第四幕_视频\4-6.mp4","E:\AIAudio\outputs\001_video_audio_extract\第四幕视频\4-6__30a9655612.wav","C:\Users\19308\Documents\Obsidian\ten-yuan-vault\方\04_声音设计\声音仓库\第四幕\卡4-6\第四幕视频__4-6__30a9655612.wav"
"第五幕","卡5-2A","第五幕视频","完整可用","是","2.333","2.325","2.336","1.001","C:\Users\19308\Desktop\方志敏\第五幕_视频\5-2A_副本.mp4","E:\AIAudio\outputs\001_video_audio_extract\第五幕视频\5-2A_副本__0df8505efa.wav","C:\Users\19308\Documents\Obsidian\ten-yuan-vault\方\04_声音设计\声音仓库\第五幕\卡5-2A\第五幕视频__5-2A_副本__0df8505efa.wav"
"第五幕","卡5-2A","第五幕视频","完整可用","是","5.167","5.167","5.184","1.003","C:\Users\19308\Desktop\方志敏\第五幕_视频\5-2A.mp4","E:\AIAudio\outputs\001_video_audio_extract\第五幕视频\5-2A__b5e979caee.wav","C:\Users\19308\Documents\Obsidian\ten-yuan-vault\方\04_声音设计\声音仓库\第五幕\卡5-2A\第五幕视频__5-2A__b5e979caee.wav"
"第一幕","卡1-1","第一幕视频","完整可用","是","14.042","14.042","14.059","1.001","C:\Users\19308\Desktop\方志敏\第一幕视频\kling_20260810_作品____1_1_山河总_56_0.mp4","E:\AIAudio\outputs\001_video_audio_extract\第一幕视频\kling_20260810_作品____1_1_山河总_56_0__fb06a0c929.wav","C:\Users\19308\Documents\Obsidian\ten-yuan-vault\方\04_声音设计\声音仓库\第一幕\卡1-1\第一幕视频__kling_20260810_作品____1_1_山河总_56_0__fb06a0c929.wav"
"第一幕","卡1-2","第一幕视频","完整可用","是","14.042","14.042","14.059","1.001","C:\Users\19308\Desktop\方志敏\第一幕视频\kling_20260816_作品_将作为首帧_图片1__301_0.mp4","E:\AIAudio\outputs\001_video_audio_extract\第一幕视频\kling_20260816_作品_将作为首帧_图片1__301_0__0f82bb15c1.wav","C:\Users\19308\Documents\Obsidian\ten-yuan-vault\方\04_声音设计\声音仓库\第一幕\卡1-2\第一幕视频__kling_20260816_作品_将作为首帧_图片1__301_0__0f82bb15c1.wav"
"第三幕","卡3-3","锁定视频_第三幕","完整可用","是","5.167","5.167","5.184","1.003","C:\Users\19308\Documents\Obsidian\ten-yuan-vault\方\07_素材图\锁定视频\第三幕\3-3C_顾祝同下令锁.mp4","E:\AIAudio\outputs\001_video_audio_extract\锁定视频_第三幕\3-3C_顾祝同下令锁__2b089ced95.wav","C:\Users\19308\Documents\Obsidian\ten-yuan-vault\方\04_声音设计\声音仓库\第三幕\卡3-3\锁定视频_第三幕__3-3C_顾祝同下令锁__2b089ced95.wav"
"第四幕","卡4-3","锁定视频_第四幕","短段可用（只提取现有音频）","是","6.083","3.05","3.072","0.505","C:\Users\19308\Documents\Obsidian\ten-yuan-vault\方\07_素材图\锁定视频\第四幕\4-3锁.mp4","E:\AIAudio\outputs\001_video_audio_extract\锁定视频_第四幕\4-3锁__31f246d134.wav","C:\Users\19308\Documents\Obsidian\ten-yuan-vault\方\04_声音设计\声音仓库\第四幕\卡4-3\锁定视频_第四幕__4-3锁__31f246d134.wav"
"第四幕","卡4-5","锁定视频_第四幕","短段可用（只提取现有音频）","是","3.5","2.325","2.336","0.667","C:\Users\19308\Documents\Obsidian\ten-yuan-vault\方\07_素材图\锁定视频\第四幕\4-5C_锁.mp4","E:\AIAudio\outputs\001_video_audio_extract\锁定视频_第四幕\4-5C_锁__837e80f046.wav","C:\Users\19308\Documents\Obsidian\ten-yuan-vault\方\04_声音设计\声音仓库\第四幕\卡4-5\锁定视频_第四幕__4-5C_锁__837e80f046.wav"
"第四幕","卡4-5","锁定视频_第四幕","完整可用","是","2.333","2.325","2.336","1.001","C:\Users\19308\Documents\Obsidian\ten-yuan-vault\方\07_素材图\锁定视频\第四幕\4-5D_锁.mp4","E:\AIAudio\outputs\001_video_audio_extract\锁定视频_第四幕\4-5D_锁__0df32b132a.wav","C:\Users\19308\Documents\Obsidian\ten-yuan-vault\方\04_声音设计\声音仓库\第四幕\卡4-5\锁定视频_第四幕__4-5D_锁__0df32b132a.wav"
