"status","manga","score","theme","formula","current_feature","source_file","deepseek","qwen","obsidian","priority"
"prescreen_done_20260710","BLUE GIANT","100","本体型","zn+x","本体型zn+x主·时间型xn+z次·空间容器辅；爵士信仰点燃身体欲望，保留100分待Hermes深分析","01-本体型 zn+x.md","not_run","not_run","theme_index_prescreened","S"
"prescreen_done_20260710","灌篮高手","98","本体型","zn+x","本体型zn+x主·时间型xn+z次·空间容器辅；胜负欲被篮球意义收束，保留98分待Hermes深分析","01-本体型 zn+x.md","not_run","not_run","theme_index_prescreened","S"
"prescreen_done_20260710","Vagabond","98","本体型","zn+x","本体型zn+x主·命运型xz+nz次·因果辅；剑道存在追问压过漂泊宿命，保留98分待Hermes深分析","01-本体型 zn+x.md","not_run","not_run","theme_index_prescreened","S"
"hermes_analysis_done_20260709","火鸟","97","本体型","zn+x","本体型zn+x主·命运型xz+nz次；zn↔x补对9.0，循环再生型动态链；精选97分保留","01-本体型 zn+x.md","not_run","not_run","theme_index_written","S"
"prescreen_done_20260710","Maus","97","本体型","zn+x","本体型zn+x主·时间型xn+z次·命运辅；创伤记忆重组身份意义，保留97分待Hermes深分析","01-本体型 zn+x.md","not_run","not_run","theme_index_prescreened","S"
"prescreen_done_20260710","链锯人","96","本体型","zn+x","本体型zn+x主·命运型xz+nz次·因果辅；小欲望与存在意义短路，保留96分待Hermes深分析","01-本体型 zn+x.md","not_run","not_run","theme_index_prescreened","S"
"pending_standardization","Jujutsu Kaisen Modulo","96","本体型","zn+x","诅咒与力量的本质博弈","01-本体型 zn+x.md","not_run","not_run","not_written","S"
"prescreen_done_20260710_alias_review","地。关于地球的运动。","96","本体型","zn+x","本体型zn+x主·时间型xn+z次·因果辅；真理追求压过时代传承，Orb/チ。别名冲突待确认","01-本体型 zn+x.md","not_run","not_run","theme_index_prescreened_alias_review","S"
"prescreen_done_20260710","浪客行","96","本体型","zn+x","本体型zn+x主·命运型xz+nz次·因果辅；剑道存在追问压过武者宿命，保留96分待Hermes深分析","01-本体型 zn+x.md","not_run","not_run","theme_index_prescreened","S"
"pending_standardization","墨比斯精选","96","本体型","zn+x","想象力的本体边界探索","01-本体型 zn+x.md","not_run","not_run","not_written","S"
"pending_standardization","蓝眼武士","95","本体型","zn+x","复仇与身份的本体撕裂","01-本体型 zn+x.md","not_run","not_run","not_written","S"
"prescreen_done_20260710_alias_review","晚安Punpun","95","本体型","zn+x","本体型zn+x主·命运型xz+nz次·时间辅；空洞自我反噬日常欲望，Goodnight Punpun疑似英文别名","01-本体型 zn+x.md","not_run","not_run","theme_index_prescreened_alias_review","S"
"pending_standardization","The Incal","94","本体型","zn+x","宇宙级的存在追问","01-本体型 zn+x.md","not_run","not_run","not_written","S"
"pending_standardization","迷宫饭","94","本体型","zn+x","存在即进食——本体欲望的奇幻解构","01-本体型 zn+x.md","not_run","not_run","not_written","S"
"pending_standardization","夏日消失时","94","本体型","zn+x","消逝中的存在哀歌","01-本体型 zn+x.md","not_run","not_run","not_written","S"
"pending_standardization","器官拼图","93","本体型","zn+x","身体碎裂后的自我重建","01-本体型 zn+x.md","not_run","not_run","not_written","A"
"pending_standardization","1秒24帧的人生","93","本体型","zn+x","影像与存在的交织","01-本体型 zn+x.md","not_run","not_run","not_written","A"
"pending_standardization","剑豪生死斗","93","本体型","zn+x","剑道执念吞噬一切","01-本体型 zn+x.md","not_run","not_run","not_written","A"
"pending_standardization","镖人","93","本体型","zn+x","乱世中个体的存在边界","01-本体型 zn+x.md","not_run","not_run","not_written","A"
"pending_standardization","愚者之夜","93","本体型","zn+x","黑暗中的存在微光","01-本体型 zn+x.md","not_run","not_run","not_written","A"
"pending_standardization","全知读者视角","93","本体型","zn+x","故事中的存在与观看","01-本体型 zn+x.md","not_run","not_run","not_written","A"
"pending_standardization","藤本树短篇集","93","本体型","zn+x","短篇中的存在切面","01-本体型 zn+x.md","not_run","not_run","not_written","A"
"pending_standardization","棋魂","93","本体型","zn+x","围棋即精神的燃烧场","01-本体型 zn+x.md","not_run","not_run","not_written","A"
"pending_standardization","恶魔人","93","本体型","zn+x","人性本体的撕裂与质问","01-本体型 zn+x.md","not_run","not_run","not_written","A"
"pending_standardization","ODD TAXI","92","本体型","zn+x","日常表象下的存在秘密","01-本体型 zn+x.md","not_run","not_run","not_written","A"
"pending_standardization","间隙","92","本体型","zn+x","存在之间的留白空间","01-本体型 zn+x.md","not_run","not_run","not_written","A"
"pending_standardization","超深宇宙之恋","91","本体型","zn+x","孤独中的存在连接","01-本体型 zn+x.md","not_run","not_run","not_written","A"
"hermes_analysis_done_20260709_review_score","Homunculus","91","本体型","zn+x","本体型zn+x主·命运型xz+nz次；钻孔=存在开眼，车内16岁自我=nz凝固伤口；典评8.5/10，旧库91分待实读二审","01-本体型 zn+x.md","not_run","not_run","theme_index_written","A"
"pending_standardization","新宝岛","90","本体型","zn+x","漫画语言的本体探索","01-本体型 zn+x.md","not_run","not_run","not_written","A"
"alias_conflict_review","Goodnight Punpun","91","本体型","zn+x","疑似晚安Punpun英文别名/旧批次重复；保留91分证据，不独立finalized","01-本体型 zn+x.md","not_run","not_run","alias_conflict_queue","A"
"pending_standardization","Jimmy Corrigan","91","本体型","zn+x","家族创伤中的存在困境","01-本体型 zn+x.md","not_run","not_run","not_written","A"
"pending_standardization","怪医黑杰克","91","本体型","zn+x","医者的存在边界追问","01-本体型 zn+x.md","not_run","not_run","not_written","A"
"pending_standardization","钻石王牌","91","本体型","zn+x","棒球中燃烧的青春本体","01-本体型 zn+x.md","not_run","not_run","not_written","A"
"pending_standardization","青之箱","92","本体型","zn+x","青春情感的本体切面","01-本体型 zn+x.md","not_run","not_run","not_written","A"
"pending_standardization","The Summer Hikaru Died","90","本体型","zn+x","夏日逝去中的存在余烬","01-本体型 zn+x.md","not_run","not_run","not_written","A"
"pending_standardization","Toxy Noxy Foresty","91","本体型","zn+x","森林中的存在寓言","01-本体型 zn+x.md","not_run","not_run","not_written","A"
"pending_standardization","平生純","91","本体型","zn+x","日常中的纯粹存在","01-本体型 zn+x.md","not_run","not_run","not_written","A"
"pending_standardization","路漫漫","91","本体型","zn+x","旅途即存在本身","01-本体型 zn+x.md","not_run","not_run","not_written","A"
"pending_standardization","蓦然回首","96","时间型","xn+z","一个瞬间的回望承载时间的全部重量","02-时间型 xn+z.md","not_run","not_run","not_written","S"
"pending_standardization","Gundam GQuuuuuuX","96","时间型","xn+z","时间线上的规则与执念博弈","02-时间型 xn+z.md","not_run","not_run","not_written","S"
"pending_standardization","花牌情缘","95","时间型","xn+z","竞技歌牌中的时机精准与节奏艺术","02-时间型 xn+z.md","not_run","not_run","not_written","S"
"pending_standardization","旱地远走高飞","96","时间型","xn+z","时间压迫下的逃离与重生","02-时间型 xn+z.md","not_run","not_run","not_written","S"
"pending_standardization","1秒24帧的人生","93","时间型","xn+z","每一帧都是时间的刻痕","02-时间型 xn+z.md","not_run","not_run","not_written","A"
"pending_standardization","泪雨与小夜曲","93","时间型","xn+z","时序中的情感节拍","02-时间型 xn+z.md","not_run","not_run","not_written","A"
"pending_standardization","Blue Box","92","时间型","xn+z","青春时间中的心动与错过","02-时间型 xn+z.md","not_run","not_run","not_written","A"
"pending_standardization","最后的武士Standing","92","时间型","xn+z","时代末节点的规则与执念","02-时间型 xn+z.md","not_run","not_run","not_written","A"
"pending_standardization","擅长逃跑的殿下","90","时间型","xn+z","逃亡中的时间压迫与生存时机","02-时间型 xn+z.md","not_run","not_run","not_written","A"
"pending_standardization","镖人","93","时间型","xn+z","历史时间节点上的规则对抗","02-时间型 xn+z.md","not_run","not_run","not_written","A"
"pending_standardization","20世纪少年","92","时间型","xn+z","童年约定在时间中的回响","02-时间型 xn+z.md","not_run","not_run","not_written","A"
"pending_standardization","PLUTO","93","时间型","xn+z","机器人规则中的时间宿命","02-时间型 xn+z.md","not_run","not_run","not_written","A"
"pending_standardization","排球少年","96","空间型","x并z+n","球场就是世界的全部——运动场域的无尽魅力","03-空间型 x并z+n.md","not_run","not_run","not_written","S"
"pending_standardization","葬送的芙莉莲","96","空间型","x并z+n","时间流向中的空间停留感——勇者离去的世界仍在呼吸","03-空间型 x并z+n.md","not_run","not_run","not_written","S"
"pending_standardization","天使夜未眠","96","空间型","x并z+n","夜的空间包裹一切——都市的温柔与孤独","03-空间型 x并z+n.md","not_run","not_run","not_written","S"
"pending_standardization","间隙","92","空间型","x并z+n","空间的缝隙本身就是世界","03-空间型 x并z+n.md","not_run","not_run","not_written","A"
"pending_standardization","拉面发现传","92","空间型","x并z+n","一碗面的空间——味觉世界的包裹感","03-空间型 x并z+n.md","not_run","not_run","not_written","A"
"pending_standardization","平生純","91","空间型","x并z+n","日常空间的纯粹感","03-空间型 x并z+n.md","not_run","not_run","not_written","A"
"pending_standardization","路漫漫","91","空间型","x并z+n","旅途空间的沉浸体验","03-空间型 x并z+n.md","not_run","not_run","not_written","A"
"pending_standardization","Understanding Comics","90","空间型","x并z+n","漫画空间的理论化——理解场域本身","03-空间型 x并z+n.md","not_run","not_run","not_written","A"
"pending_standardization","MOAN","93","空间型","x并z+n","伊藤润二的空间恐怖美学","03-空间型 x并z+n.md","not_run","not_run","not_written","A"
"pending_standardization","Junji Ito's Moan","90","空间型","x并z+n","空间的扭曲与包裹","03-空间型 x并z+n.md","not_run","not_run","not_written","A"
"pending_standardization","神之水滴","90","空间型","x并z+n","葡萄酒世界——味觉与空间感的交织","03-空间型 x并z+n.md","not_run","not_run","not_written","A"
"pending_standardization","Monster","96","因果型","zx+nx","善恶因果的精密链条——每一个选择都通向无法回头的结局","04-因果型 zx+nx.md","not_run","not_run","not_written","S"
"pending_standardization","Watchmen","96","因果型","zx+nx","超级英雄的政治博弈——因果网络中的世界尽头","04-因果型 zx+nx.md","not_run","not_run","not_written","S"
"pending_standardization","端脑","94","因果型","zx+nx","脑内博弈的因果迷宫","04-因果型 zx+nx.md","not_run","not_run","not_written","S"
"pending_standardization","历史之眼","93","因果型","zx+nx","历史浪潮中的个人棋局","04-因果型 zx+nx.md","not_run","not_run","not_written","A"
"pending_standardization","MPD Psycho","92","因果型","zx+nx","多重人格的因果缠绕","04-因果型 zx+nx.md","not_run","not_run","not_written","A"
"pending_standardization","Low Tide in Twilight","92","因果型","zx+nx","退潮时的暗流博弈","04-因果型 zx+nx.md","not_run","not_run","not_written","A"
"pending_standardization","进击的巨人","91","因果型","zx+nx","墙内外的大棋局——历史因果的宿命闭环","04-因果型 zx+nx.md","not_run","not_run","not_written","A"
"pending_standardization","镖人金龙版","96","命运型","xz+nz","乱世中的宿命漂流——每个人的命运都是刀光下的河流","05-命运型 xz+nz.md","not_run","not_run","not_written","S"
"pending_standardization","天使夜未眠","96","命运型","xz+nz","都市夜晚的命运交错——相遇与离别的宿命循环","05-命运型 xz+nz.md","not_run","not_run","not_written","S"
"pending_standardization","葬送的芙莉莲","96","命运型","xz+nz","时间漂流中的等待——勇者逝去后的宿命回响","05-命运型 xz+nz.md","not_run","not_run","not_written","S"
"pending_standardization","黎明前的回声","93","命运型","xz+nz","黑暗中的宿命呼唤","05-命运型 xz+nz.md","not_run","not_run","not_written","A"
"pending_standardization","进击的巨人","91","命运型","xz+nz","自由与囚笼的宿命博弈","05-命运型 xz+nz.md","not_run","not_run","not_written","A"
"pending_standardization","棋魂","93","命运型","xz+nz","千年棋缘的宿命交织","05-命运型 xz+nz.md","not_run","not_run","not_written","A"
"pending_standardization","Low Tide in Twilight","92","命运型","xz+nz","退潮时的宿命相遇","05-命运型 xz+nz.md","not_run","not_run","not_written","A"
"pending_standardization","超深宇宙之恋","91","命运型","xz+nz","宇宙孤独中的命运连接","05-命运型 xz+nz.md","not_run","not_run","not_written","A"
"pending_standardization","擅长逃跑的殿下","90","命运型","xz+nz","逃亡中的宿命漂流","05-命运型 xz+nz.md","not_run","not_run","not_written","A"
"pending_standardization","平生純","91","命运型","xz+nz","日常中的宿命偶遇","05-命运型 xz+nz.md","not_run","not_run","not_written","A"
