"Round","File","Source","Cell","Tier","Width","Height"
"第1轮","R1_01_芽发饰人物.png","第二批_十五头像_3x5_候选01.png","r2c4","已选；层级未单独标注","307","307"
"第1轮","R1_02a_红青长发人物.png","第二批_十五头像_3x5_候选01.png","r3c1","已选；复合截图拆分","307","309"
"第1轮","R1_02b_黑青单眼人物.png","第二批_十五头像_3x5_候选01.png","r2c1","已选；复合截图拆分","307","307"
"第1轮","R1_03_青耳饰短发人物.png","第二批_十五头像_3x5_候选01.png","r1c4","已选","307","307"
"第1轮","R1_04a_浅发人物.png","第二批_十五头像_3x5_候选01.png","r3c2","已选；复合截图拆分","307","309"
"第1轮","R1_04b_红发耳饰人物.png","大头联想角色_十五款3x5_候选03.png","r1c5","已选；复合截图拆分","311","307"
"第1轮","R1_05_雨帽人物.png","大头联想角色_十五款3x5_候选03.png","r1c1","已选","307","307"
"第1轮","R1_06_窗格刘海NPC.png","第二批_十五头像_3x5_候选01.png","r1c5","NPC；重复参考A","311","307"
"第1轮","R1_07_窗格刘海重复参考.png","第二批_十五头像_3x5_候选01.png","r1c5","NPC；重复参考B","311","307"
"第2轮","R2_01_主角级.png","大头联想角色_八款候选01.png","r2c3","主角级","402","454"
"第2轮","R2_02_主教级.png","大头联想角色_八款候选01.png","r2c2","主教级","402","454"
"第2轮","R2_03_NPC.png","大头联想角色_八款候选01.png","r2c1","NPC","402","454"
"第2轮","R2_04_关键人物级.png","大头联想角色_八款候选01.png","r1c2","关键人物级","402","453"
"第2轮","R2_05a_NPC群像左.png","第二批_十五头像_3x5_候选01.png","r3c5","NPC群像拆分","93","305"
"第2轮","R2_05b_NPC群像中.png","第二批_十五头像_3x5_候选01.png","r3c5","NPC群像拆分","93","305"
"第2轮","R2_05c_NPC群像右.png","第二批_十五头像_3x5_候选01.png","r3c5","NPC群像拆分","93","305"
"第2轮","R2_06_NPC.png","第二批_十五头像_3x5_候选01.png","r1c5","NPC","311","307"
"第2轮","R2_07_教皇级.png","大头联想角色_十五款3x5_候选03.png","r1c4","教皇级","307","307"
"第3轮","R3_01_次角级.png","第二批_十五头像_3x5_候选01.png","r1c4","次角级；与第1轮03保留不同轮次出处","307","307"
"第3轮","R3_02_次角级.png","第二批_十五头像_3x5_候选01.png","r2c4","次角级；与第1轮01保留不同轮次出处","307","307"
"第3轮","R3_03_关键人物.png","大头联想角色_十五款3x5_候选03.png","r1c5","关键人物","311","307"
"第3轮","R3_04_NPC偏上.png","大头联想角色_十五款3x5_候选03.png","r2c3","NPC偏上","307","307"
"第3轮","R3_05_组织关键人物.png","第二批_十五头像_3x5_候选01.png","r1c5","组织关键人物","311","307"
