"sheet","first_id","last_id","count","path"
"全量_01.jpg","IMAGE-001","IMAGE-020","20","C:\Users\19308\Documents\Obsidian\ten-yuan-vault\黎黎隆项目\场景素材整理_候选\01_缩略联系表\00_全量\全量_01.jpg"
"全量_02.jpg","IMAGE-021","IMAGE-040","20","C:\Users\19308\Documents\Obsidian\ten-yuan-vault\黎黎隆项目\场景素材整理_候选\01_缩略联系表\00_全量\全量_02.jpg"
"全量_03.jpg","IMAGE-041","IMAGE-060","20","C:\Users\19308\Documents\Obsidian\ten-yuan-vault\黎黎隆项目\场景素材整理_候选\01_缩略联系表\00_全量\全量_03.jpg"
"全量_04.jpg","IMAGE-061","IMAGE-080","20","C:\Users\19308\Documents\Obsidian\ten-yuan-vault\黎黎隆项目\场景素材整理_候选\01_缩略联系表\00_全量\全量_04.jpg"
"全量_05.jpg","IMAGE-081","IMAGE-100","20","C:\Users\19308\Documents\Obsidian\ten-yuan-vault\黎黎隆项目\场景素材整理_候选\01_缩略联系表\00_全量\全量_05.jpg"
"全量_06.jpg","IMAGE-101","IMAGE-120","20","C:\Users\19308\Documents\Obsidian\ten-yuan-vault\黎黎隆项目\场景素材整理_候选\01_缩略联系表\00_全量\全量_06.jpg"
"全量_07.jpg","IMAGE-121","IMAGE-140","20","C:\Users\19308\Documents\Obsidian\ten-yuan-vault\黎黎隆项目\场景素材整理_候选\01_缩略联系表\00_全量\全量_07.jpg"
"全量_08.jpg","IMAGE-141","IMAGE-160","20","C:\Users\19308\Documents\Obsidian\ten-yuan-vault\黎黎隆项目\场景素材整理_候选\01_缩略联系表\00_全量\全量_08.jpg"
"全量_09.jpg","IMAGE-161","IMAGE-180","20","C:\Users\19308\Documents\Obsidian\ten-yuan-vault\黎黎隆项目\场景素材整理_候选\01_缩略联系表\00_全量\全量_09.jpg"
"全量_10.jpg","IMAGE-181","IMAGE-200","20","C:\Users\19308\Documents\Obsidian\ten-yuan-vault\黎黎隆项目\场景素材整理_候选\01_缩略联系表\00_全量\全量_10.jpg"
"全量_11.jpg","IMAGE-201","IMAGE-220","20","C:\Users\19308\Documents\Obsidian\ten-yuan-vault\黎黎隆项目\场景素材整理_候选\01_缩略联系表\00_全量\全量_11.jpg"
"全量_12.jpg","IMAGE-221","IMAGE-240","20","C:\Users\19308\Documents\Obsidian\ten-yuan-vault\黎黎隆项目\场景素材整理_候选\01_缩略联系表\00_全量\全量_12.jpg"
"全量_13.jpg","IMAGE-241","IMAGE-260","20","C:\Users\19308\Documents\Obsidian\ten-yuan-vault\黎黎隆项目\场景素材整理_候选\01_缩略联系表\00_全量\全量_13.jpg"
"全量_14.jpg","IMAGE-261","IMAGE-280","20","C:\Users\19308\Documents\Obsidian\ten-yuan-vault\黎黎隆项目\场景素材整理_候选\01_缩略联系表\00_全量\全量_14.jpg"
"全量_15.jpg","IMAGE-281","IMAGE-300","20","C:\Users\19308\Documents\Obsidian\ten-yuan-vault\黎黎隆项目\场景素材整理_候选\01_缩略联系表\00_全量\全量_15.jpg"
"全量_16.jpg","IMAGE-301","IMAGE-320","20","C:\Users\19308\Documents\Obsidian\ten-yuan-vault\黎黎隆项目\场景素材整理_候选\01_缩略联系表\00_全量\全量_16.jpg"
"全量_17.jpg","IMAGE-321","IMAGE-340","20","C:\Users\19308\Documents\Obsidian\ten-yuan-vault\黎黎隆项目\场景素材整理_候选\01_缩略联系表\00_全量\全量_17.jpg"
"全量_18.jpg","IMAGE-341","IMAGE-344","4","C:\Users\19308\Documents\Obsidian\ten-yuan-vault\黎黎隆项目\场景素材整理_候选\01_缩略联系表\00_全量\全量_18.jpg"
"场景项目_01.jpg","IMAGE-002","IMAGE-072","20","C:\Users\19308\Documents\Obsidian\ten-yuan-vault\黎黎隆项目\场景素材整理_候选\01_缩略联系表\01_场景及项目\场景项目_01.jpg"
"场景项目_02.jpg","IMAGE-073","IMAGE-131","20","C:\Users\19308\Documents\Obsidian\ten-yuan-vault\黎黎隆项目\场景素材整理_候选\01_缩略联系表\01_场景及项目\场景项目_02.jpg"
"场景项目_03.jpg","IMAGE-134","IMAGE-179","20","C:\Users\19308\Documents\Obsidian\ten-yuan-vault\黎黎隆项目\场景素材整理_候选\01_缩略联系表\01_场景及项目\场景项目_03.jpg"
"场景项目_04.jpg","IMAGE-180","IMAGE-218","20","C:\Users\19308\Documents\Obsidian\ten-yuan-vault\黎黎隆项目\场景素材整理_候选\01_缩略联系表\01_场景及项目\场景项目_04.jpg"
"场景项目_05.jpg","IMAGE-220","IMAGE-288","20","C:\Users\19308\Documents\Obsidian\ten-yuan-vault\黎黎隆项目\场景素材整理_候选\01_缩略联系表\01_场景及项目\场景项目_05.jpg"
"场景项目_06.jpg","IMAGE-290","IMAGE-334","20","C:\Users\19308\Documents\Obsidian\ten-yuan-vault\黎黎隆项目\场景素材整理_候选\01_缩略联系表\01_场景及项目\场景项目_06.jpg"
"场景项目_07.jpg","IMAGE-335","IMAGE-344","3","C:\Users\19308\Documents\Obsidian\ten-yuan-vault\黎黎隆项目\场景素材整理_候选\01_缩略联系表\01_场景及项目\场景项目_07.jpg"
"世界机制_01.jpg","IMAGE-001","IMAGE-109","20","C:\Users\19308\Documents\Obsidian\ten-yuan-vault\黎黎隆项目\场景素材整理_候选\01_缩略联系表\02_世界机制\世界机制_01.jpg"
"世界机制_02.jpg","IMAGE-113","IMAGE-282","20","C:\Users\19308\Documents\Obsidian\ten-yuan-vault\黎黎隆项目\场景素材整理_候选\01_缩略联系表\02_世界机制\世界机制_02.jpg"
"世界机制_03.jpg","IMAGE-292","IMAGE-340","8","C:\Users\19308\Documents\Obsidian\ten-yuan-vault\黎黎隆项目\场景素材整理_候选\01_缩略联系表\02_世界机制\世界机制_03.jpg"
"角色参考_01.jpg","IMAGE-003","IMAGE-034","20","C:\Users\19308\Documents\Obsidian\ten-yuan-vault\黎黎隆项目\场景素材整理_候选\01_缩略联系表\03_角色参考\角色参考_01.jpg"
"角色参考_02.jpg","IMAGE-039","IMAGE-076","20","C:\Users\19308\Documents\Obsidian\ten-yuan-vault\黎黎隆项目\场景素材整理_候选\01_缩略联系表\03_角色参考\角色参考_02.jpg"
"角色参考_03.jpg","IMAGE-077","IMAGE-110","20","C:\Users\19308\Documents\Obsidian\ten-yuan-vault\黎黎隆项目\场景素材整理_候选\01_缩略联系表\03_角色参考\角色参考_03.jpg"
"角色参考_04.jpg","IMAGE-114","IMAGE-149","20","C:\Users\19308\Documents\Obsidian\ten-yuan-vault\黎黎隆项目\场景素材整理_候选\01_缩略联系表\03_角色参考\角色参考_04.jpg"
"角色参考_05.jpg","IMAGE-150","IMAGE-205","20","C:\Users\19308\Documents\Obsidian\ten-yuan-vault\黎黎隆项目\场景素材整理_候选\01_缩略联系表\03_角色参考\角色参考_05.jpg"
"角色参考_06.jpg","IMAGE-208","IMAGE-243","20","C:\Users\19308\Documents\Obsidian\ten-yuan-vault\黎黎隆项目\场景素材整理_候选\01_缩略联系表\03_角色参考\角色参考_06.jpg"
"角色参考_07.jpg","IMAGE-245","IMAGE-278","20","C:\Users\19308\Documents\Obsidian\ten-yuan-vault\黎黎隆项目\场景素材整理_候选\01_缩略联系表\03_角色参考\角色参考_07.jpg"
"角色参考_08.jpg","IMAGE-279","IMAGE-312","20","C:\Users\19308\Documents\Obsidian\ten-yuan-vault\黎黎隆项目\场景素材整理_候选\01_缩略联系表\03_角色参考\角色参考_08.jpg"
"角色参考_09.jpg","IMAGE-316","IMAGE-342","13","C:\Users\19308\Documents\Obsidian\ten-yuan-vault\黎黎隆项目\场景素材整理_候选\01_缩略联系表\03_角色参考\角色参考_09.jpg"
