"Canvas","NodeId","CanvasFileValue","ResolvedPath","Exists"
"黎黎隆_角色总览_素材汇总_v0.1.canvas","add298318dae437f","黎黎隆项目/角色风格_R1-R3/02_USER_ORIGINAL/大叔角色配色2.jpg","C:\Users\19308\Documents\Obsidian\ten-yuan-vault\黎黎隆项目\角色风格_R1-R3\02_USER_ORIGINAL\大叔角色配色2.jpg","True"
"黎黎隆_角色总览_素材汇总_v0.1.canvas","3ca7631df783442a","黎黎隆项目/角色风格_R1-R3/02_USER_ORIGINAL/黎黎角色_配色.jpg","C:\Users\19308\Documents\Obsidian\ten-yuan-vault\黎黎隆项目\角色风格_R1-R3\02_USER_ORIGINAL\黎黎角色_配色.jpg","True"
"黎黎隆_角色总览_素材汇总_v0.1.canvas","7775b032dc9d4b2b","黎黎隆项目/角色风格_R1-R3/02_USER_ORIGINAL/奇美拉角色.jpg","C:\Users\19308\Documents\Obsidian\ten-yuan-vault\黎黎隆项目\角色风格_R1-R3\02_USER_ORIGINAL\奇美拉角色.jpg","True"
"黎黎隆_角色总览_素材汇总_v0.1.canvas","5f592e1385f444e6","黎黎隆项目/角色风格_R1-R3/02_USER_ORIGINAL/小和尚角色_四视图原稿.png","C:\Users\19308\Documents\Obsidian\ten-yuan-vault\黎黎隆项目\角色风格_R1-R3\02_USER_ORIGINAL\小和尚角色_四视图原稿.png","True"
"黎黎隆_角色总览_素材汇总_v0.1.canvas","222116c4d1e84347","黎黎隆项目/角色风格_R1-R3/02_CANDIDATES/角色探索_2026-09-18/裂缝听者_设定稿_候选01.png","C:\Users\19308\Documents\Obsidian\ten-yuan-vault\黎黎隆项目\角色风格_R1-R3\02_CANDIDATES\角色探索_2026-09-18\裂缝听者_设定稿_候选01.png","True"
"黎黎隆_角色总览_素材汇总_v0.1.canvas","a202ffb317ec4718","黎黎隆项目/角色风格_R1-R3/02_CANDIDATES/角色探索_2026-09-17/大叔_单侧巨臂_候选01.png","C:\Users\19308\Documents\Obsidian\ten-yuan-vault\黎黎隆项目\角色风格_R1-R3\02_CANDIDATES\角色探索_2026-09-17\大叔_单侧巨臂_候选01.png","True"
"黎黎隆_角色总览_素材汇总_v0.1.canvas","5f6f32f93c8e4c3a","黎黎隆项目/角色风格_R1-R3/02_CANDIDATES/角色探索_2026-09-17/黎黎_机械尾_候选01.png","C:\Users\19308\Documents\Obsidian\ten-yuan-vault\黎黎隆项目\角色风格_R1-R3\02_CANDIDATES\角色探索_2026-09-17\黎黎_机械尾_候选01.png","True"
"黎黎隆_角色总览_素材汇总_v0.1.canvas","4482cd16374146bc","黎黎隆项目/角色风格_R1-R3/02_CANDIDATES/角色探索_2026-09-17/奇美拉_翼臂_候选01.png","C:\Users\19308\Documents\Obsidian\ten-yuan-vault\黎黎隆项目\角色风格_R1-R3\02_CANDIDATES\角色探索_2026-09-17\奇美拉_翼臂_候选01.png","True"
"黎黎隆_角色总览_素材汇总_v0.1.canvas","30dcacb74974444d","黎黎隆项目/角色风格_R1-R3/02_CANDIDATES/角色探索_2026-09-18/裂缝听者_设定稿_候选01.png","C:\Users\19308\Documents\Obsidian\ten-yuan-vault\黎黎隆项目\角色风格_R1-R3\02_CANDIDATES\角色探索_2026-09-18\裂缝听者_设定稿_候选01.png","True"
"黎黎隆_角色总览_素材汇总_v0.1.canvas","b479ba5ce93b45e4","黎黎隆项目/02_角色/黎黎隆_角色风格_R1-R3_本地化_v1.0.canvas","C:\Users\19308\Documents\Obsidian\ten-yuan-vault\黎黎隆项目\02_角色\黎黎隆_角色风格_R1-R3_本地化_v1.0.canvas","True"
"黎黎隆_角色总览_素材汇总_v0.1.canvas","16ebe8afa8a44b40","黎黎隆项目/角色风格_R1-R3/00_STYLE_CANVAS/Character_Style_Grammar_v0.1.md","C:\Users\19308\Documents\Obsidian\ten-yuan-vault\黎黎隆项目\角色风格_R1-R3\00_STYLE_CANVAS\Character_Style_Grammar_v0.1.md","True"
"黎黎隆_角色总览_素材汇总_v0.1.canvas","9499371cfe4146c0","黎黎隆项目/角色风格_R1-R3/01_REFERENCE/localization_report.md","C:\Users\19308\Documents\Obsidian\ten-yuan-vault\黎黎隆项目\角色风格_R1-R3\01_REFERENCE\localization_report.md","True"
"黎黎隆_角色总览_素材汇总_v0.1.canvas","4a3e14162936476a","黎黎隆项目/角色风格_R1-R3/02_CANDIDATES/角色探索_2026-09-17/候选说明.md","C:\Users\19308\Documents\Obsidian\ten-yuan-vault\黎黎隆项目\角色风格_R1-R3\02_CANDIDATES\角色探索_2026-09-17\候选说明.md","True"
"黎黎隆_角色总览_素材汇总_v0.1.canvas","176a047808de47fa","黎黎隆项目/02_角色/黎黎隆_角色风格_R1-R3_原始_v1.0.canvas","C:\Users\19308\Documents\Obsidian\ten-yuan-vault\黎黎隆项目\02_角色\黎黎隆_角色风格_R1-R3_原始_v1.0.canvas","True"
"黎黎隆_角色总览_素材汇总_v0.1.canvas","5762170538c44369","黎黎隆项目/02_角色/黎黎隆_角色限定色_v0.1.canvas","C:\Users\19308\Documents\Obsidian\ten-yuan-vault\黎黎隆项目\02_角色\黎黎隆_角色限定色_v0.1.canvas","True"
"黎黎隆_角色总览_素材汇总_v0.1.canvas","220e5457552344f4","黎黎隆项目/03_机制/黎黎隆_X并Z克NZ_参考墙_R1-R5_本地化_v4.0.canvas","C:\Users\19308\Documents\Obsidian\ten-yuan-vault\黎黎隆项目\03_机制\黎黎隆_X并Z克NZ_参考墙_R1-R5_本地化_v4.0.canvas","True"
"黎黎隆_角色总览_素材汇总_v0.1.canvas","01cbea1bf8fa462d","黎黎隆项目/03_机制/黎黎隆_X并Z克NZ_机制发散_R1_v1.0.canvas","C:\Users\19308\Documents\Obsidian\ten-yuan-vault\黎黎隆项目\03_机制\黎黎隆_X并Z克NZ_机制发散_R1_v1.0.canvas","True"
"黎黎隆_角色总览_素材汇总_v0.1.canvas","29f35244aabc4401","黎黎隆项目/00_总览/黎黎隆_项目总览与验收_R1_v1.0.canvas","C:\Users\19308\Documents\Obsidian\ten-yuan-vault\黎黎隆项目\00_总览\黎黎隆_项目总览与验收_R1_v1.0.canvas","True"
"黎黎隆_角色总览_素材汇总_v0.1.canvas","b822bb2a6b6647aa","黎黎隆项目/00_总览/黎黎隆_原始灵感板_v0.1.canvas","C:\Users\19308\Documents\Obsidian\ten-yuan-vault\黎黎隆项目\00_总览\黎黎隆_原始灵感板_v0.1.canvas","True"
"黎黎隆_角色总览_素材汇总_v0.1.canvas","386d5e9663f449c5","黎黎隆项目/01_世界观/黎黎隆_世界观发散树_R5_全量_v1.0.canvas","C:\Users\19308\Documents\Obsidian\ten-yuan-vault\黎黎隆项目\01_世界观\黎黎隆_世界观发散树_R5_全量_v1.0.canvas","True"
"黎黎隆_角色总览_素材汇总_v0.1.canvas","d0b9501cf3594dc5","黎黎隆项目/04_场景/黎黎隆_场景风格视觉化_R1-R6_本地全量_v1.3.canvas","C:\Users\19308\Documents\Obsidian\ten-yuan-vault\黎黎隆项目\04_场景\黎黎隆_场景风格视觉化_R1-R6_本地全量_v1.3.canvas","True"
"黎黎隆_角色总览_素材汇总_v0.1.canvas","2fb58c2a6f164c92","黎黎隆项目/03_持续发散/2026-09-17/D01_场景_公共尾部维护站_v1.png","C:\Users\19308\Documents\Obsidian\ten-yuan-vault\黎黎隆项目\03_持续发散\2026-09-17\D01_场景_公共尾部维护站_v1.png","True"
"黎黎隆_角色总览_素材汇总_v0.1.canvas","d4c0f116f2754d4e","方/07_素材图/临时截图/Pasted image 20260913193426.png","C:\Users\19308\Documents\Obsidian\ten-yuan-vault\方\07_素材图\临时截图\Pasted image 20260913193426.png","True"
"黎黎隆_角色总览_素材汇总_v0.1.canvas","2a8037e7a7dd434e","黎黎隆项目/00_总览/黎黎隆_原始灵感板_v0.1.canvas","C:\Users\19308\Documents\Obsidian\ten-yuan-vault\黎黎隆项目\00_总览\黎黎隆_原始灵感板_v0.1.canvas","True"
"黎黎隆_角色总览_素材汇总_v0.1.canvas","6aa08f99ef294af8","黎黎隆项目/03_持续发散/2026-09-17/D02_角色_塔汀_回返膜_v1.png","C:\Users\19308\Documents\Obsidian\ten-yuan-vault\黎黎隆项目\03_持续发散\2026-09-17\D02_角色_塔汀_回返膜_v1.png","True"
"黎黎隆_角色总览_素材汇总_v0.1.canvas","f0843852107e4e85","方/07_素材图/临时截图/Pasted image 20260917015018.png","C:\Users\19308\Documents\Obsidian\ten-yuan-vault\方\07_素材图\临时截图\Pasted image 20260917015018.png","True"
"黎黎隆_角色总览_素材汇总_v0.1.canvas","eeb46ea9ecc34a07","黎黎隆项目/03_持续发散/2026-09-17/D02_道具_外脑映脑窗冷却夹具_v1.png","C:\Users\19308\Documents\Obsidian\ten-yuan-vault\黎黎隆项目\03_持续发散\2026-09-17\D02_道具_外脑映脑窗冷却夹具_v1.png","True"
"黎黎隆_角色总览_素材汇总_v0.1.canvas","3fbbd7f3797847a4","黎黎隆项目/03_持续发散/2026-09-17/D02_场景_环形公共身体维护台_v1.png","C:\Users\19308\Documents\Obsidian\ten-yuan-vault\黎黎隆项目\03_持续发散\2026-09-17\D02_场景_环形公共身体维护台_v1.png","True"
"黎黎隆_角色总览_素材汇总_v0.1.canvas","04ccb26b02df4e6a","黎黎隆项目/03_持续发散/2026-09-17/D01_角色_黎黎隆_夺路尾_v1.png","C:\Users\19308\Documents\Obsidian\ten-yuan-vault\黎黎隆项目\03_持续发散\2026-09-17\D01_角色_黎黎隆_夺路尾_v1.png","True"
"黎黎隆_角色总览_素材汇总_v0.1.canvas","6ca9fe4517404e37","黎黎隆项目/角色风格_R1-R3/03_GENERATED/黎黎隆_角色风格总规验证_v1_原创漂泊者.png","C:\Users\19308\Documents\Obsidian\ten-yuan-vault\黎黎隆项目\角色风格_R1-R3\03_GENERATED\黎黎隆_角色风格总规验证_v1_原创漂泊者.png","True"
"黎黎隆_角色总览_素材汇总_v0.1.canvas","1f4472208fad419d","方/07_素材图/临时截图/Pasted image 20260913193310.png","C:\Users\19308\Documents\Obsidian\ten-yuan-vault\方\07_素材图\临时截图\Pasted image 20260913193310.png","True"
"黎黎隆_角色总览_素材汇总_v0.1.canvas","f27a90c2e12b4c1d","方/07_素材图/临时截图/Pasted image 20260913192710.png","C:\Users\19308\Documents\Obsidian\ten-yuan-vault\方\07_素材图\临时截图\Pasted image 20260913192710.png","True"
"黎黎隆_角色总览_素材汇总_v0.1.canvas","bead600e6dce49f4","黎黎隆项目/03_持续发散/2026-09-17/D01_道具_巨尾锚序锁身组件_v1.png","C:\Users\19308\Documents\Obsidian\ten-yuan-vault\黎黎隆项目\03_持续发散\2026-09-17\D01_道具_巨尾锚序锁身组件_v1.png","True"
"黎黎隆_角色总览_素材汇总_v0.1.canvas","4bdd72277d2a4dc8","方/07_素材图/临时截图/Pasted image 20260916153009.png","C:\Users\19308\Documents\Obsidian\ten-yuan-vault\方\07_素材图\临时截图\Pasted image 20260916153009.png","True"
"黎黎隆_角色总览_素材汇总_v0.1.canvas","69b8cc6ec6724ce4","方/07_素材图/临时截图/Pasted image 20260913192840.png","C:\Users\19308\Documents\Obsidian\ten-yuan-vault\方\07_素材图\临时截图\Pasted image 20260913192840.png","True"
"黎黎隆_角色总览_素材汇总_v0.1.canvas","7c8690b450614d77","方/07_素材图/临时截图/Pasted image 20260913195011.png","C:\Users\19308\Documents\Obsidian\ten-yuan-vault\方\07_素材图\临时截图\Pasted image 20260913195011.png","True"
"黎黎隆_角色总览_素材汇总_v0.1.canvas","b698cc59a3fe4548","方/07_素材图/临时截图/Pasted image 20260913195017.png","C:\Users\19308\Documents\Obsidian\ten-yuan-vault\方\07_素材图\临时截图\Pasted image 20260913195017.png","True"
"黎黎隆_角色总览_素材汇总_v0.1.canvas","74e8c8e344ee487b","方/07_素材图/临时截图/Pasted image 20260913193930.png","C:\Users\19308\Documents\Obsidian\ten-yuan-vault\方\07_素材图\临时截图\Pasted image 20260913193930.png","True"
"黎黎隆_角色总览_素材汇总_v0.1.canvas","aee79059d0c54121","方/07_素材图/临时截图/Pasted image 20260913194221.png","C:\Users\19308\Documents\Obsidian\ten-yuan-vault\方\07_素材图\临时截图\Pasted image 20260913194221.png","True"
"黎黎隆_角色总览_素材汇总_v0.1.canvas","2070ab7622354c11","方/07_素材图/临时截图/Pasted image 20260913195002.png","C:\Users\19308\Documents\Obsidian\ten-yuan-vault\方\07_素材图\临时截图\Pasted image 20260913195002.png","True"
"黎黎隆_角色总览_素材汇总_v0.1.canvas","43c8b63d80f1465d","方/07_素材图/临时截图/Pasted image 20260913194950.png","C:\Users\19308\Documents\Obsidian\ten-yuan-vault\方\07_素材图\临时截图\Pasted image 20260913194950.png","True"
"黎黎隆_角色总览_素材汇总_v0.1.canvas","1818faa13a6c4427","方/07_素材图/临时截图/Pasted image 20260915163353.png","C:\Users\19308\Documents\Obsidian\ten-yuan-vault\方\07_素材图\临时截图\Pasted image 20260915163353.png","True"
"黎黎隆_角色总览_素材汇总_v0.1.canvas","a334409555dc442b","方/07_素材图/临时截图/Pasted image 20260915163508.png","C:\Users\19308\Documents\Obsidian\ten-yuan-vault\方\07_素材图\临时截图\Pasted image 20260915163508.png","True"
"黎黎隆_角色总览_素材汇总_v0.1.canvas","53e61d7a74ab48b7","方/07_素材图/临时截图/Pasted image 20260913193940.png","C:\Users\19308\Documents\Obsidian\ten-yuan-vault\方\07_素材图\临时截图\Pasted image 20260913193940.png","True"
"黎黎隆_角色总览_素材汇总_v0.1.canvas","d65038fcb7a14125","方/07_素材图/临时截图/Pasted image 20260915163453.png","C:\Users\19308\Documents\Obsidian\ten-yuan-vault\方\07_素材图\临时截图\Pasted image 20260915163453.png","True"
"黎黎隆_角色总览_素材汇总_v0.1.canvas","d01778686dba425b","方/07_素材图/临时截图/Pasted image 20260913194556.png","C:\Users\19308\Documents\Obsidian\ten-yuan-vault\方\07_素材图\临时截图\Pasted image 20260913194556.png","True"
"黎黎隆_角色总览_素材汇总_v0.1.canvas","c0a27dd869334daa","方/07_素材图/临时截图/Pasted image 20260916153014.png","C:\Users\19308\Documents\Obsidian\ten-yuan-vault\方\07_素材图\临时截图\Pasted image 20260916153014.png","True"
"黎黎隆_角色总览_素材汇总_v0.1.canvas","c852a2c6c34b4826","方/07_素材图/临时截图/66f5deff1acf18491fb487e61858e947.mp4","C:\Users\19308\Documents\Obsidian\ten-yuan-vault\方\07_素材图\临时截图\66f5deff1acf18491fb487e61858e947.mp4","True"
"黎黎隆_角色总览_素材汇总_v0.1.canvas","3f3b12cfd19b46d1","方/07_素材图/临时截图/雨中的故事剧本1.jpg","C:\Users\19308\Documents\Obsidian\ten-yuan-vault\方\07_素材图\临时截图\雨中的故事剧本1.jpg","True"
"黎黎隆_角色总览_素材汇总_v0.1.canvas","6dc716f76ece4847","方/07_素材图/临时截图/总合 黎黎隆 刘启师21101020102.doc","C:\Users\19308\Documents\Obsidian\ten-yuan-vault\方\07_素材图\临时截图\总合 黎黎隆 刘启师21101020102.doc","True"
"黎黎隆_角色总览_素材汇总_v0.1.canvas","de1e8769420649e4","方/07_素材图/临时截图/奇美拉角色.jpg","C:\Users\19308\Documents\Obsidian\ten-yuan-vault\方\07_素材图\临时截图\奇美拉角色.jpg","True"
"黎黎隆_角色总览_素材汇总_v0.1.canvas","1d0c47a3bfd84532","方/07_素材图/临时截图/大叔角色配色2.jpg","C:\Users\19308\Documents\Obsidian\ten-yuan-vault\方\07_素材图\临时截图\大叔角色配色2.jpg","True"
"黎黎隆_角色总览_素材汇总_v0.1.canvas","d81a653862ae4684","方/07_素材图/临时截图/Pasted image 20260917014826.png","C:\Users\19308\Documents\Obsidian\ten-yuan-vault\方\07_素材图\临时截图\Pasted image 20260917014826.png","True"
"黎黎隆_角色总览_素材汇总_v0.1.canvas","5edf4d19f1fe4fc6","方/07_素材图/临时截图/雨中的故事剧本1 1.jpg","C:\Users\19308\Documents\Obsidian\ten-yuan-vault\方\07_素材图\临时截图\雨中的故事剧本1 1.jpg","True"
"黎黎隆_角色总览_素材汇总_v0.1.canvas","12a764f5624949f4","方/07_素材图/临时截图/雨中的故事剧本2.jpg","C:\Users\19308\Documents\Obsidian\ten-yuan-vault\方\07_素材图\临时截图\雨中的故事剧本2.jpg","True"
"黎黎隆_角色总览_素材汇总_v0.1.canvas","862c137ca06f420e","方/07_素材图/临时截图/分镜头对话.jpg","C:\Users\19308\Documents\Obsidian\ten-yuan-vault\方\07_素材图\临时截图\分镜头对话.jpg","True"
"黎黎隆_角色总览_素材汇总_v0.1.canvas","a04259c7621d4188","方/07_素材图/临时截图/Pasted image 20260917015032.png","C:\Users\19308\Documents\Obsidian\ten-yuan-vault\方\07_素材图\临时截图\Pasted image 20260917015032.png","True"
"黎黎隆_角色总览_素材汇总_v0.1.canvas","d277e817dbcf4342","方/07_素材图/临时截图/Pasted image 20260917020027.png","C:\Users\19308\Documents\Obsidian\ten-yuan-vault\方\07_素材图\临时截图\Pasted image 20260917020027.png","True"
"黎黎隆_角色总览_素材汇总_v0.1.canvas","774d3435c35c4909","方/07_素材图/临时截图/Pasted image 20260917020046.png","C:\Users\19308\Documents\Obsidian\ten-yuan-vault\方\07_素材图\临时截图\Pasted image 20260917020046.png","True"
"黎黎隆_角色总览_素材汇总_v0.1.canvas","d944a385daa945a3","方/07_素材图/临时截图/Pasted image 20260917020147.png","C:\Users\19308\Documents\Obsidian\ten-yuan-vault\方\07_素材图\临时截图\Pasted image 20260917020147.png","True"
"黎黎隆_角色总览_素材汇总_v0.1.canvas","ffebe3bdfb7e467a","方/07_素材图/临时截图/Pasted image 20260917020202.png","C:\Users\19308\Documents\Obsidian\ten-yuan-vault\方\07_素材图\临时截图\Pasted image 20260917020202.png","True"
"黎黎隆_角色总览_素材汇总_v0.1.canvas","d92949decc234d9d","方/07_素材图/临时截图/Pasted image 20260917020207.png","C:\Users\19308\Documents\Obsidian\ten-yuan-vault\方\07_素材图\临时截图\Pasted image 20260917020207.png","True"
"黎黎隆_角色总览_素材汇总_v0.1.canvas","c8274e1d7b604f12","方/07_素材图/临时截图/Pasted image 20260917020219.png","C:\Users\19308\Documents\Obsidian\ten-yuan-vault\方\07_素材图\临时截图\Pasted image 20260917020219.png","True"
"黎黎隆_角色总览_素材汇总_v0.1.canvas","abd238b6f7d2420f","方/07_素材图/临时截图/Pasted image 20260917020155.png","C:\Users\19308\Documents\Obsidian\ten-yuan-vault\方\07_素材图\临时截图\Pasted image 20260917020155.png","True"
"黎黎隆_角色总览_素材汇总_v0.1.canvas","43a37d1b3c224dd3","方/07_素材图/临时截图/Pasted image 20260913214024.png","C:\Users\19308\Documents\Obsidian\ten-yuan-vault\方\07_素材图\临时截图\Pasted image 20260913214024.png","True"
"黎黎隆_角色总览_素材汇总_v0.1.canvas","6915a53b5dfd4525","方/07_素材图/临时截图/Pasted image 20260913192750.png","C:\Users\19308\Documents\Obsidian\ten-yuan-vault\方\07_素材图\临时截图\Pasted image 20260913192750.png","True"
"黎黎隆_角色总览_素材汇总_v0.1.canvas","001708e3a89e4601","方/07_素材图/临时截图/Pasted image 20260913214400.png","C:\Users\19308\Documents\Obsidian\ten-yuan-vault\方\07_素材图\临时截图\Pasted image 20260913214400.png","True"
"黎黎隆_角色总览_素材汇总_v0.1.canvas","4165c19c96e644f6","方/07_素材图/临时截图/Pasted image 20260918000756.png","C:\Users\19308\Documents\Obsidian\ten-yuan-vault\方\07_素材图\临时截图\Pasted image 20260918000756.png","True"
"黎黎隆_角色总览_素材汇总_v0.1.canvas","3e5773d244404959","方/07_素材图/临时截图/Pasted image 20260915163521.png","C:\Users\19308\Documents\Obsidian\ten-yuan-vault\方\07_素材图\临时截图\Pasted image 20260915163521.png","True"
"黎黎隆_角色总览_素材汇总_v0.1.canvas","bb6988f0afe34a9a","方/07_素材图/临时截图/Pasted image 20260917020733.png","C:\Users\19308\Documents\Obsidian\ten-yuan-vault\方\07_素材图\临时截图\Pasted image 20260917020733.png","True"
"黎黎隆_角色总览_素材汇总_v0.1.canvas","1201066b6e984f28","方/07_素材图/临时截图/Pasted image 20260917020347.png","C:\Users\19308\Documents\Obsidian\ten-yuan-vault\方\07_素材图\临时截图\Pasted image 20260917020347.png","True"
"黎黎隆_角色总览_素材汇总_v0.1.canvas","e4d76b3fadc94c8a","方/07_素材图/临时截图/Pasted image 20260917020321.png","C:\Users\19308\Documents\Obsidian\ten-yuan-vault\方\07_素材图\临时截图\Pasted image 20260917020321.png","True"
"黎黎隆_角色总览_素材汇总_v0.1.canvas","aa9d68a583d84798","方/07_素材图/临时截图/Pasted image 20260917020343.png","C:\Users\19308\Documents\Obsidian\ten-yuan-vault\方\07_素材图\临时截图\Pasted image 20260917020343.png","True"
"黎黎隆_角色总览_素材汇总_v0.1.canvas","28ec796926b24802","方/07_素材图/临时截图/Pasted image 20260917020449.png","C:\Users\19308\Documents\Obsidian\ten-yuan-vault\方\07_素材图\临时截图\Pasted image 20260917020449.png","True"
"黎黎隆_角色总览_素材汇总_v0.1.canvas","15a74c36e2e446d3","方/07_素材图/临时截图/Pasted image 20260917020455.png","C:\Users\19308\Documents\Obsidian\ten-yuan-vault\方\07_素材图\临时截图\Pasted image 20260917020455.png","True"
"黎黎隆_角色总览_素材汇总_v0.1.canvas","985804ad16dc440e","方/07_素材图/临时截图/Pasted image 20260917020425.png","C:\Users\19308\Documents\Obsidian\ten-yuan-vault\方\07_素材图\临时截图\Pasted image 20260917020425.png","True"
"黎黎隆_角色总览_素材汇总_v0.1.canvas","366276645c01415d","方/07_素材图/临时截图/Pasted image 20260918001157.png","C:\Users\19308\Documents\Obsidian\ten-yuan-vault\方\07_素材图\临时截图\Pasted image 20260918001157.png","True"
"黎黎隆_角色总览_素材汇总_v0.1.canvas","a00e4a4906e144d5","方/07_素材图/临时截图/FZM_20260917_character_idle_front_s71010_00001_.mp4","C:\Users\19308\Documents\Obsidian\ten-yuan-vault\方\07_素材图\临时截图\FZM_20260917_character_idle_front_s71010_00001_.mp4","True"
"黎黎隆_角色总览_素材汇总_v0.1.canvas","c768db698cbd4a7f","方/07_素材图/临时截图/FZM_20260917_character_idle_front_s71009_00001_.mp4","C:\Users\19308\Documents\Obsidian\ten-yuan-vault\方\07_素材图\临时截图\FZM_20260917_character_idle_front_s71009_00001_.mp4","True"
"黎黎隆_角色总览_素材汇总_v0.1.canvas","896354561b224759","方/07_素材图/临时截图/Pasted image 20260918001425.png","C:\Users\19308\Documents\Obsidian\ten-yuan-vault\方\07_素材图\临时截图\Pasted image 20260918001425.png","True"
"黎黎隆_角色总览_素材汇总_v0.1.canvas","567929363ad44eb9","方/07_素材图/临时截图/Pasted image 20260918011239.png","C:\Users\19308\Documents\Obsidian\ten-yuan-vault\方\07_素材图\临时截图\Pasted image 20260918011239.png","True"
"黎黎隆_角色总览_素材汇总_v0.1.canvas","75f44b7b5a8e4303","黎黎隆项目/角色风格_R1-R3/02_USER_ORIGINAL/大叔角色配色2.jpg","C:\Users\19308\Documents\Obsidian\ten-yuan-vault\黎黎隆项目\角色风格_R1-R3\02_USER_ORIGINAL\大叔角色配色2.jpg","True"
"黎黎隆_角色总览_素材汇总_v0.1.canvas","495cdc96482a4603","黎黎隆项目/角色风格_R1-R3/02_USER_ORIGINAL/黎黎角色_配色.jpg","C:\Users\19308\Documents\Obsidian\ten-yuan-vault\黎黎隆项目\角色风格_R1-R3\02_USER_ORIGINAL\黎黎角色_配色.jpg","True"
"黎黎隆_角色总览_素材汇总_v0.1.canvas","b37b3537a9ae45a9","黎黎隆项目/角色风格_R1-R3/02_USER_ORIGINAL/奇美拉角色.jpg","C:\Users\19308\Documents\Obsidian\ten-yuan-vault\黎黎隆项目\角色风格_R1-R3\02_USER_ORIGINAL\奇美拉角色.jpg","True"
"黎黎隆_角色总览_素材汇总_v0.1.canvas","3161974ca5f640b4","黎黎隆项目/角色风格_R1-R3/01_REFERENCE/R01_WAKFU/thumb_01.jpg","C:\Users\19308\Documents\Obsidian\ten-yuan-vault\黎黎隆项目\角色风格_R1-R3\01_REFERENCE\R01_WAKFU\thumb_01.jpg","True"
"黎黎隆_角色总览_素材汇总_v0.1.canvas","84250d29d9734f4f","黎黎隆项目/角色风格_R1-R3/01_REFERENCE/R01_WAKFU/thumb_06.jpg","C:\Users\19308\Documents\Obsidian\ten-yuan-vault\黎黎隆项目\角色风格_R1-R3\01_REFERENCE\R01_WAKFU\thumb_06.jpg","True"
"黎黎隆_角色总览_素材汇总_v0.1.canvas","1f2af12d5ae547d6","黎黎隆项目/角色风格_R1-R3/01_REFERENCE/R01_WAKFU/thumb_10.jpg","C:\Users\19308\Documents\Obsidian\ten-yuan-vault\黎黎隆项目\角色风格_R1-R3\01_REFERENCE\R01_WAKFU\thumb_10.jpg","True"
"黎黎隆_角色总览_素材汇总_v0.1.canvas","6335a7a2ee6040c3","黎黎隆项目/角色风格_R1-R3/01_REFERENCE/R02_GuiltyGear/thumb_01.jpg","C:\Users\19308\Documents\Obsidian\ten-yuan-vault\黎黎隆项目\角色风格_R1-R3\01_REFERENCE\R02_GuiltyGear\thumb_01.jpg","True"
"黎黎隆_角色总览_素材汇总_v0.1.canvas","50c683abf6af4843","黎黎隆项目/角色风格_R1-R3/01_REFERENCE/R02_GuiltyGear/thumb_07.jpg","C:\Users\19308\Documents\Obsidian\ten-yuan-vault\黎黎隆项目\角色风格_R1-R3\01_REFERENCE\R02_GuiltyGear\thumb_07.jpg","True"
"黎黎隆_角色总览_素材汇总_v0.1.canvas","b937f89e525c4f97","黎黎隆项目/角色风格_R1-R3/01_REFERENCE/R02_GuiltyGear/thumb_12.jpg","C:\Users\19308\Documents\Obsidian\ten-yuan-vault\黎黎隆项目\角色风格_R1-R3\01_REFERENCE\R02_GuiltyGear\thumb_12.jpg","True"
"黎黎隆_角色总览_素材汇总_v0.1.canvas","f2be9ebe3e984e34","黎黎隆项目/角色风格_R1-R3/01_REFERENCE/R03_PROMARE/thumb_01.jpg","C:\Users\19308\Documents\Obsidian\ten-yuan-vault\黎黎隆项目\角色风格_R1-R3\01_REFERENCE\R03_PROMARE\thumb_01.jpg","True"
"黎黎隆_角色总览_素材汇总_v0.1.canvas","725e89f2d2d34259","黎黎隆项目/角色风格_R1-R3/01_REFERENCE/R03_PROMARE/thumb_05.jpg","C:\Users\19308\Documents\Obsidian\ten-yuan-vault\黎黎隆项目\角色风格_R1-R3\01_REFERENCE\R03_PROMARE\thumb_05.jpg","True"
"黎黎隆_角色总览_素材汇总_v0.1.canvas","d97d1923cec54630","黎黎隆项目/角色风格_R1-R3/01_REFERENCE/R03_PROMARE/thumb_08.jpg","C:\Users\19308\Documents\Obsidian\ten-yuan-vault\黎黎隆项目\角色风格_R1-R3\01_REFERENCE\R03_PROMARE\thumb_08.jpg","True"
"黎黎隆_角色总览_素材汇总_v0.1.canvas","0141db0a82684bd6","黎黎隆项目/角色风格_R1-R3/01_REFERENCE/R04_Fortiche_ARCANE/thumb_01.jpg","C:\Users\19308\Documents\Obsidian\ten-yuan-vault\黎黎隆项目\角色风格_R1-R3\01_REFERENCE\R04_Fortiche_ARCANE\thumb_01.jpg","True"
"黎黎隆_角色总览_素材汇总_v0.1.canvas","3fe4c3d09f6c49a3","黎黎隆项目/角色风格_R1-R3/01_REFERENCE/R04_Fortiche_ARCANE/thumb_05.jpg","C:\Users\19308\Documents\Obsidian\ten-yuan-vault\黎黎隆项目\角色风格_R1-R3\01_REFERENCE\R04_Fortiche_ARCANE\thumb_05.jpg","True"
"黎黎隆_角色总览_素材汇总_v0.1.canvas","1ca24971c13846ac","黎黎隆项目/角色风格_R1-R3/01_REFERENCE/R04_Fortiche_ARCANE/thumb_08.jpg","C:\Users\19308\Documents\Obsidian\ten-yuan-vault\黎黎隆项目\角色风格_R1-R3\01_REFERENCE\R04_Fortiche_ARCANE\thumb_08.jpg","True"
"黎黎隆_角色总览_素材汇总_v0.1.canvas","cf377080b3b2470e","黎黎隆项目/角色风格_R1-R3/01_REFERENCE/R05_HADES/thumb_01.jpg","C:\Users\19308\Documents\Obsidian\ten-yuan-vault\黎黎隆项目\角色风格_R1-R3\01_REFERENCE\R05_HADES\thumb_01.jpg","True"
"黎黎隆_角色总览_素材汇总_v0.1.canvas","68fc63326be9426e","黎黎隆项目/角色风格_R1-R3/01_REFERENCE/R05_HADES/thumb_05.jpg","C:\Users\19308\Documents\Obsidian\ten-yuan-vault\黎黎隆项目\角色风格_R1-R3\01_REFERENCE\R05_HADES\thumb_05.jpg","True"
"黎黎隆_角色总览_素材汇总_v0.1.canvas","39145413aeed48b3","黎黎隆项目/角色风格_R1-R3/01_REFERENCE/R05_HADES/thumb_08.jpg","C:\Users\19308\Documents\Obsidian\ten-yuan-vault\黎黎隆项目\角色风格_R1-R3\01_REFERENCE\R05_HADES\thumb_08.jpg","True"
"黎黎隆_角色总览_素材汇总_v0.1.canvas","d30930f0ab214048","黎黎隆项目/角色风格_R1-R3/01_REFERENCE/R06_HiFi_RUSH/thumb_01.jpg","C:\Users\19308\Documents\Obsidian\ten-yuan-vault\黎黎隆项目\角色风格_R1-R3\01_REFERENCE\R06_HiFi_RUSH\thumb_01.jpg","True"
"黎黎隆_角色总览_素材汇总_v0.1.canvas","9d0557097c0c4bfd","黎黎隆项目/角色风格_R1-R3/01_REFERENCE/R06_HiFi_RUSH/thumb_06.jpg","C:\Users\19308\Documents\Obsidian\ten-yuan-vault\黎黎隆项目\角色风格_R1-R3\01_REFERENCE\R06_HiFi_RUSH\thumb_06.jpg","True"
"黎黎隆_角色总览_素材汇总_v0.1.canvas","96596a67de564088","黎黎隆项目/角色风格_R1-R3/01_REFERENCE/R06_HiFi_RUSH/thumb_10.jpg","C:\Users\19308\Documents\Obsidian\ten-yuan-vault\黎黎隆项目\角色风格_R1-R3\01_REFERENCE\R06_HiFi_RUSH\thumb_10.jpg","True"
"黎黎隆_角色总览_素材汇总_v0.1.canvas","bd9c268bea19477c","黎黎隆项目/角色风格_R1-R3/01_REFERENCE/R07_Gorillaz_Hewlett/thumb_01.jpg","C:\Users\19308\Documents\Obsidian\ten-yuan-vault\黎黎隆项目\角色风格_R1-R3\01_REFERENCE\R07_Gorillaz_Hewlett\thumb_01.jpg","True"
"黎黎隆_角色总览_素材汇总_v0.1.canvas","8b59e19d501e45e3","黎黎隆项目/角色风格_R1-R3/01_REFERENCE/R07_Gorillaz_Hewlett/thumb_04.jpg","C:\Users\19308\Documents\Obsidian\ten-yuan-vault\黎黎隆项目\角色风格_R1-R3\01_REFERENCE\R07_Gorillaz_Hewlett\thumb_04.jpg","True"
"黎黎隆_角色总览_素材汇总_v0.1.canvas","4464f3086b5f414d","黎黎隆项目/角色风格_R1-R3/01_REFERENCE/R07_Gorillaz_Hewlett/thumb_06.jpg","C:\Users\19308\Documents\Obsidian\ten-yuan-vault\黎黎隆项目\角色风格_R1-R3\01_REFERENCE\R07_Gorillaz_Hewlett\thumb_06.jpg","True"
"黎黎隆_角色总览_素材汇总_v0.1.canvas","1d9b7e8e69314c6c","黎黎隆项目/角色风格_R1-R3/01_REFERENCE/R08_Moebius/thumb_01.jpg","C:\Users\19308\Documents\Obsidian\ten-yuan-vault\黎黎隆项目\角色风格_R1-R3\01_REFERENCE\R08_Moebius\thumb_01.jpg","True"
"黎黎隆_角色总览_素材汇总_v0.1.canvas","8aea193bf5324083","黎黎隆项目/角色风格_R1-R3/01_REFERENCE/R08_Moebius/thumb_04.jpg","C:\Users\19308\Documents\Obsidian\ten-yuan-vault\黎黎隆项目\角色风格_R1-R3\01_REFERENCE\R08_Moebius\thumb_04.jpg","True"
"黎黎隆_角色总览_素材汇总_v0.1.canvas","fee3e983671d426f","黎黎隆项目/角色风格_R1-R3/01_REFERENCE/R08_Moebius/thumb_06.jpg","C:\Users\19308\Documents\Obsidian\ten-yuan-vault\黎黎隆项目\角色风格_R1-R3\01_REFERENCE\R08_Moebius\thumb_06.jpg","True"
"黎黎隆_角色总览_素材汇总_v0.1.canvas","f8437f7eb37247b2","黎黎隆项目/角色风格_R1-R3/01_REFERENCE/R09_MonsterHunter/thumb_01.jpg","C:\Users\19308\Documents\Obsidian\ten-yuan-vault\黎黎隆项目\角色风格_R1-R3\01_REFERENCE\R09_MonsterHunter\thumb_01.jpg","True"
"黎黎隆_角色总览_素材汇总_v0.1.canvas","106055b024b14100","黎黎隆项目/角色风格_R1-R3/01_REFERENCE/R09_MonsterHunter/thumb_05.jpg","C:\Users\19308\Documents\Obsidian\ten-yuan-vault\黎黎隆项目\角色风格_R1-R3\01_REFERENCE\R09_MonsterHunter\thumb_05.jpg","True"
"黎黎隆_角色总览_素材汇总_v0.1.canvas","07ec20b37dd54db3","黎黎隆项目/角色风格_R1-R3/01_REFERENCE/R09_MonsterHunter/thumb_08.jpg","C:\Users\19308\Documents\Obsidian\ten-yuan-vault\黎黎隆项目\角色风格_R1-R3\01_REFERENCE\R09_MonsterHunter\thumb_08.jpg","True"
"黎黎隆_角色总览_素材汇总_v0.1.canvas","af9e07f8fe3543f4","黎黎隆项目/角色风格_R1-R3/01_REFERENCE/R10_LoL_Clarity/thumb_01.jpg","C:\Users\19308\Documents\Obsidian\ten-yuan-vault\黎黎隆项目\角色风格_R1-R3\01_REFERENCE\R10_LoL_Clarity\thumb_01.jpg","True"
"黎黎隆_角色总览_素材汇总_v0.1.canvas","38274cbb1b5c4e6f","黎黎隆项目/角色风格_R1-R3/01_REFERENCE/R10_LoL_Clarity/thumb_04.jpg","C:\Users\19308\Documents\Obsidian\ten-yuan-vault\黎黎隆项目\角色风格_R1-R3\01_REFERENCE\R10_LoL_Clarity\thumb_04.jpg","True"
"黎黎隆_角色总览_素材汇总_v0.1.canvas","15e7f88ed5fc4de3","黎黎隆项目/角色风格_R1-R3/01_REFERENCE/R10_LoL_Clarity/thumb_06.jpg","C:\Users\19308\Documents\Obsidian\ten-yuan-vault\黎黎隆项目\角色风格_R1-R3\01_REFERENCE\R10_LoL_Clarity\thumb_06.jpg","True"
"黎黎隆_角色总览_素材汇总_v0.1.canvas","18ae1e3e9fba41f1","黎黎隆项目/角色风格_R1-R3/01_REFERENCE/R10_LoL_Clarity/clarity_100px_comparison.jpg","C:\Users\19308\Documents\Obsidian\ten-yuan-vault\黎黎隆项目\角色风格_R1-R3\01_REFERENCE\R10_LoL_Clarity\clarity_100px_comparison.jpg","True"
"黎黎隆_角色总览_素材汇总_v0.1.canvas","f75ed5e1cc544b23","黎黎隆项目/assets/refs/X并Z克NZ/ref_01.jpg","C:\Users\19308\Documents\Obsidian\ten-yuan-vault\黎黎隆项目\assets\refs\X并Z克NZ\ref_01.jpg","True"
"黎黎隆_角色总览_素材汇总_v0.1.canvas","07d9a787fbf347d0","黎黎隆项目/assets/refs/X并Z克NZ/ref_21.jpg","C:\Users\19308\Documents\Obsidian\ten-yuan-vault\黎黎隆项目\assets\refs\X并Z克NZ\ref_21.jpg","True"
"黎黎隆_角色总览_素材汇总_v0.1.canvas","00cf22fb9f4c4808","黎黎隆项目/assets/refs/X并Z克NZ/ref_17.png","C:\Users\19308\Documents\Obsidian\ten-yuan-vault\黎黎隆项目\assets\refs\X并Z克NZ\ref_17.png","True"
"黎黎隆_角色总览_素材汇总_v0.1.canvas","7d7965c73f7d4b14","黎黎隆项目/assets/refs/X并Z克NZ/ref_18.png","C:\Users\19308\Documents\Obsidian\ten-yuan-vault\黎黎隆项目\assets\refs\X并Z克NZ\ref_18.png","True"
"黎黎隆_角色总览_素材汇总_v0.1.canvas","df673c0f74734466","黎黎隆项目/assets/refs/X并Z克NZ/ref_19.png","C:\Users\19308\Documents\Obsidian\ten-yuan-vault\黎黎隆项目\assets\refs\X并Z克NZ\ref_19.png","True"
"黎黎隆_角色总览_素材汇总_v0.1.canvas","52b2a04cd6134484","黎黎隆项目/assets/refs/X并Z克NZ/ref_20.svg","C:\Users\19308\Documents\Obsidian\ten-yuan-vault\黎黎隆项目\assets\refs\X并Z克NZ\ref_20.svg","True"
"黎黎隆_角色总览_素材汇总_v0.1.canvas","9bd54e4aa3f04093","黎黎隆项目/assets/refs/X并Z克NZ/ref_22.png","C:\Users\19308\Documents\Obsidian\ten-yuan-vault\黎黎隆项目\assets\refs\X并Z克NZ\ref_22.png","True"
"黎黎隆_角色总览_素材汇总_v0.1.canvas","d8c8acdcea4c4310","黎黎隆项目/assets/refs/X并Z克NZ/ref_06.jpg","C:\Users\19308\Documents\Obsidian\ten-yuan-vault\黎黎隆项目\assets\refs\X并Z克NZ\ref_06.jpg","True"
"黎黎隆_角色总览_素材汇总_v0.1.canvas","4119d815c93b4e02","黎黎隆项目/assets/refs/X并Z克NZ/ref_08.jpg","C:\Users\19308\Documents\Obsidian\ten-yuan-vault\黎黎隆项目\assets\refs\X并Z克NZ\ref_08.jpg","True"
"黎黎隆_角色总览_素材汇总_v0.1.canvas","bcd0d130a754473a","黎黎隆项目/assets/refs/X并Z克NZ/ref_15.jpg","C:\Users\19308\Documents\Obsidian\ten-yuan-vault\黎黎隆项目\assets\refs\X并Z克NZ\ref_15.jpg","True"
"黎黎隆_角色总览_素材汇总_v0.1.canvas","50022fe5038b425d","黎黎隆项目/assets/refs/X并Z克NZ/ref_16.webp","C:\Users\19308\Documents\Obsidian\ten-yuan-vault\黎黎隆项目\assets\refs\X并Z克NZ\ref_16.webp","True"
"黎黎隆_角色总览_素材汇总_v0.1.canvas","97c4f6228a0446a3","黎黎隆项目/assets/refs/X并Z克NZ/ref_04.jpg","C:\Users\19308\Documents\Obsidian\ten-yuan-vault\黎黎隆项目\assets\refs\X并Z克NZ\ref_04.jpg","True"
"黎黎隆_角色总览_素材汇总_v0.1.canvas","2d335f1e8e9a4fe4","黎黎隆项目/assets/refs/X并Z克NZ/ref_07.jpg","C:\Users\19308\Documents\Obsidian\ten-yuan-vault\黎黎隆项目\assets\refs\X并Z克NZ\ref_07.jpg","True"
"黎黎隆_角色总览_素材汇总_v0.1.canvas","15c080fdd4e345f5","黎黎隆项目/assets/refs/X并Z克NZ/ref_12.jpg","C:\Users\19308\Documents\Obsidian\ten-yuan-vault\黎黎隆项目\assets\refs\X并Z克NZ\ref_12.jpg","True"
"黎黎隆_角色总览_素材汇总_v0.1.canvas","bf45ef2e6b7541a3","黎黎隆项目/assets/refs/X并Z克NZ/ref_13.jpg","C:\Users\19308\Documents\Obsidian\ten-yuan-vault\黎黎隆项目\assets\refs\X并Z克NZ\ref_13.jpg","True"
"黎黎隆_角色总览_素材汇总_v0.1.canvas","8822f61a6d224188","黎黎隆项目/assets/refs/X并Z克NZ/ref_14.jpg","C:\Users\19308\Documents\Obsidian\ten-yuan-vault\黎黎隆项目\assets\refs\X并Z克NZ\ref_14.jpg","True"
"黎黎隆_角色总览_素材汇总_v0.1.canvas","bc9d196d4113471e","黎黎隆项目/assets/refs/X并Z克NZ/ref_02.jpg","C:\Users\19308\Documents\Obsidian\ten-yuan-vault\黎黎隆项目\assets\refs\X并Z克NZ\ref_02.jpg","True"
"黎黎隆_角色总览_素材汇总_v0.1.canvas","0f4cebb0cfda4445","黎黎隆项目/assets/refs/X并Z克NZ/ref_09.jpg","C:\Users\19308\Documents\Obsidian\ten-yuan-vault\黎黎隆项目\assets\refs\X并Z克NZ\ref_09.jpg","True"
"黎黎隆_角色总览_素材汇总_v0.1.canvas","fa85c53fdf384b88","黎黎隆项目/assets/refs/X并Z克NZ/ref_10.jpg","C:\Users\19308\Documents\Obsidian\ten-yuan-vault\黎黎隆项目\assets\refs\X并Z克NZ\ref_10.jpg","True"
"黎黎隆_角色总览_素材汇总_v0.1.canvas","9b350928aea34724","黎黎隆项目/assets/refs/X并Z克NZ/ref_11.jpg","C:\Users\19308\Documents\Obsidian\ten-yuan-vault\黎黎隆项目\assets\refs\X并Z克NZ\ref_11.jpg","True"
"黎黎隆_角色总览_素材汇总_v0.1.canvas","836e0f61fe1a489d","黎黎隆项目/assets/refs/X并Z克NZ/ref_03.jpg","C:\Users\19308\Documents\Obsidian\ten-yuan-vault\黎黎隆项目\assets\refs\X并Z克NZ\ref_03.jpg","True"
"黎黎隆_角色总览_素材汇总_v0.1.canvas","78ee12974bd94f39","黎黎隆项目/assets/refs/X并Z克NZ/ref_05.webp","C:\Users\19308\Documents\Obsidian\ten-yuan-vault\黎黎隆项目\assets\refs\X并Z克NZ\ref_05.webp","True"
"黎黎隆_角色总览_素材汇总_v0.1.canvas","9522a0a51872433e","黎黎隆项目/assets/refs/X并Z克NZ/ref_30.webp","C:\Users\19308\Documents\Obsidian\ten-yuan-vault\黎黎隆项目\assets\refs\X并Z克NZ\ref_30.webp","True"
"黎黎隆_角色总览_素材汇总_v0.1.canvas","cc10969b87ee44eb","黎黎隆项目/assets/refs/X并Z克NZ/ref_31.jpg","C:\Users\19308\Documents\Obsidian\ten-yuan-vault\黎黎隆项目\assets\refs\X并Z克NZ\ref_31.jpg","True"
"黎黎隆_角色总览_素材汇总_v0.1.canvas","fdec08ebcdf3498e","黎黎隆项目/assets/refs/X并Z克NZ/ref_27.jpg","C:\Users\19308\Documents\Obsidian\ten-yuan-vault\黎黎隆项目\assets\refs\X并Z克NZ\ref_27.jpg","True"
"黎黎隆_角色总览_素材汇总_v0.1.canvas","26e155e4480b46dc","黎黎隆项目/assets/refs/X并Z克NZ/ref_28.jpg","C:\Users\19308\Documents\Obsidian\ten-yuan-vault\黎黎隆项目\assets\refs\X并Z克NZ\ref_28.jpg","True"
"黎黎隆_角色总览_素材汇总_v0.1.canvas","a35bce9c288942fe","黎黎隆项目/assets/refs/X并Z克NZ/ref_29.jpg","C:\Users\19308\Documents\Obsidian\ten-yuan-vault\黎黎隆项目\assets\refs\X并Z克NZ\ref_29.jpg","True"
"黎黎隆_角色总览_素材汇总_v0.1.canvas","844a66251c614ca5","黎黎隆项目/assets/refs/X并Z克NZ/ref_32.png","C:\Users\19308\Documents\Obsidian\ten-yuan-vault\黎黎隆项目\assets\refs\X并Z克NZ\ref_32.png","True"
"黎黎隆_角色总览_素材汇总_v0.1.canvas","43768ffaf9da490f","黎黎隆项目/assets/refs/X并Z克NZ/ref_25.jpg","C:\Users\19308\Documents\Obsidian\ten-yuan-vault\黎黎隆项目\assets\refs\X并Z克NZ\ref_25.jpg","True"
"黎黎隆_角色总览_素材汇总_v0.1.canvas","dd746f1cccbf4292","黎黎隆项目/assets/refs/X并Z克NZ/ref_26.jpg","C:\Users\19308\Documents\Obsidian\ten-yuan-vault\黎黎隆项目\assets\refs\X并Z克NZ\ref_26.jpg","True"
"黎黎隆_角色总览_素材汇总_v0.1.canvas","34770a7b3f764d58","黎黎隆项目/assets/refs/X并Z克NZ/ref_34.jpg","C:\Users\19308\Documents\Obsidian\ten-yuan-vault\黎黎隆项目\assets\refs\X并Z克NZ\ref_34.jpg","True"
"黎黎隆_角色总览_素材汇总_v0.1.canvas","e3e43861938e48c6","黎黎隆项目/assets/refs/X并Z克NZ/ref_33.jpg","C:\Users\19308\Documents\Obsidian\ten-yuan-vault\黎黎隆项目\assets\refs\X并Z克NZ\ref_33.jpg","True"
"黎黎隆_角色总览_素材汇总_v0.1.canvas","fde5f5ca5b5e4edc","黎黎隆项目/assets/refs/X并Z克NZ/ref_37.jpg","C:\Users\19308\Documents\Obsidian\ten-yuan-vault\黎黎隆项目\assets\refs\X并Z克NZ\ref_37.jpg","True"
"黎黎隆_角色总览_素材汇总_v0.1.canvas","ae8d5c6b511e497f","黎黎隆项目/assets/refs/X并Z克NZ/ref_38.jpg","C:\Users\19308\Documents\Obsidian\ten-yuan-vault\黎黎隆项目\assets\refs\X并Z克NZ\ref_38.jpg","True"
"黎黎隆_角色总览_素材汇总_v0.1.canvas","40ff67874fac4097","黎黎隆项目/assets/refs/X并Z克NZ/ref_41.jpg","C:\Users\19308\Documents\Obsidian\ten-yuan-vault\黎黎隆项目\assets\refs\X并Z克NZ\ref_41.jpg","True"
"黎黎隆_角色总览_素材汇总_v0.1.canvas","e3cb2efbee4d4770","黎黎隆项目/assets/refs/X并Z克NZ/ref_45.jpg","C:\Users\19308\Documents\Obsidian\ten-yuan-vault\黎黎隆项目\assets\refs\X并Z克NZ\ref_45.jpg","True"
"黎黎隆_角色总览_素材汇总_v0.1.canvas","35380f2fb1d844f2","黎黎隆项目/assets/refs/X并Z克NZ/ref_42.jpg","C:\Users\19308\Documents\Obsidian\ten-yuan-vault\黎黎隆项目\assets\refs\X并Z克NZ\ref_42.jpg","True"
"黎黎隆_角色总览_素材汇总_v0.1.canvas","819abd95a5fe4540","黎黎隆项目/assets/refs/X并Z克NZ/ref_46.png","C:\Users\19308\Documents\Obsidian\ten-yuan-vault\黎黎隆项目\assets\refs\X并Z克NZ\ref_46.png","True"
"黎黎隆_角色总览_素材汇总_v0.1.canvas","dbf02d0721184701","黎黎隆项目/assets/refs/X并Z克NZ/ref_39.jpg","C:\Users\19308\Documents\Obsidian\ten-yuan-vault\黎黎隆项目\assets\refs\X并Z克NZ\ref_39.jpg","True"
"黎黎隆_角色总览_素材汇总_v0.1.canvas","416dcfcd3f3f4369","黎黎隆项目/assets/refs/X并Z克NZ/ref_43.jpg","C:\Users\19308\Documents\Obsidian\ten-yuan-vault\黎黎隆项目\assets\refs\X并Z克NZ\ref_43.jpg","True"
"黎黎隆_角色总览_素材汇总_v0.1.canvas","ef40935cb6fd460b","黎黎隆项目/assets/refs/X并Z克NZ/ref_44.jpg","C:\Users\19308\Documents\Obsidian\ten-yuan-vault\黎黎隆项目\assets\refs\X并Z克NZ\ref_44.jpg","True"
"黎黎隆_角色总览_素材汇总_v0.1.canvas","2b41ed2a2b944c4d","黎黎隆项目/assets/refs/X并Z克NZ/ref_47.png","C:\Users\19308\Documents\Obsidian\ten-yuan-vault\黎黎隆项目\assets\refs\X并Z克NZ\ref_47.png","True"
"黎黎隆_角色总览_素材汇总_v0.1.canvas","c35b85586f494dfb","黎黎隆项目/assets/refs/X并Z克NZ/ref_48.jpg","C:\Users\19308\Documents\Obsidian\ten-yuan-vault\黎黎隆项目\assets\refs\X并Z克NZ\ref_48.jpg","True"
"黎黎隆_角色总览_素材汇总_v0.1.canvas","d977c11b3df14f29","黎黎隆项目/assets/refs/X并Z克NZ/ref_23.jpg","C:\Users\19308\Documents\Obsidian\ten-yuan-vault\黎黎隆项目\assets\refs\X并Z克NZ\ref_23.jpg","True"
"黎黎隆_角色总览_素材汇总_v0.1.canvas","1b79b77189524604","黎黎隆项目/assets/refs/X并Z克NZ/ref_24.webp","C:\Users\19308\Documents\Obsidian\ten-yuan-vault\黎黎隆项目\assets\refs\X并Z克NZ\ref_24.webp","True"
"黎黎隆_角色总览_素材汇总_v0.1.canvas","449ab3eff08b4697","黎黎隆项目/assets/refs/X并Z克NZ/ref_35.webp","C:\Users\19308\Documents\Obsidian\ten-yuan-vault\黎黎隆项目\assets\refs\X并Z克NZ\ref_35.webp","True"
"黎黎隆_角色总览_素材汇总_v0.1.canvas","0fa9a0f41dcd49e8","黎黎隆项目/assets/refs/X并Z克NZ/ref_36.jpg","C:\Users\19308\Documents\Obsidian\ten-yuan-vault\黎黎隆项目\assets\refs\X并Z克NZ\ref_36.jpg","True"
"黎黎隆_角色总览_素材汇总_v0.1.canvas","60374a32eac74ff7","黎黎隆项目/assets/refs/X并Z克NZ/ref_40.webp","C:\Users\19308\Documents\Obsidian\ten-yuan-vault\黎黎隆项目\assets\refs\X并Z克NZ\ref_40.webp","True"
"00_总览\黎黎隆_项目总览与验收_R1_v1.0.canvas","a1b2c3d4e5f60503","黎黎隆项目/03_持续发散/2026-09-17/D01_场景_公共尾部维护站_v1.png","C:\Users\19308\Documents\Obsidian\ten-yuan-vault\黎黎隆项目\03_持续发散\2026-09-17\D01_场景_公共尾部维护站_v1.png","True"
"00_总览\黎黎隆_项目总览与验收_R1_v1.0.canvas","a1b2c3d4e5f60504","方/07_素材图/临时截图/Pasted image 20260913193426.png","C:\Users\19308\Documents\Obsidian\ten-yuan-vault\方\07_素材图\临时截图\Pasted image 20260913193426.png","True"
"00_总览\黎黎隆_项目总览与验收_R1_v1.0.canvas","a1b2c3d4e5f60105","黎黎隆项目/00_总览/黎黎隆_原始灵感板_v0.1.canvas","C:\Users\19308\Documents\Obsidian\ten-yuan-vault\黎黎隆项目\00_总览\黎黎隆_原始灵感板_v0.1.canvas","True"
"00_总览\黎黎隆_项目总览与验收_R1_v1.0.canvas","a1b2c3d4e5f60505","方/07_素材图/临时截图/Pasted image 20260917015018.png","C:\Users\19308\Documents\Obsidian\ten-yuan-vault\方\07_素材图\临时截图\Pasted image 20260917015018.png","True"
"00_总览\黎黎隆_项目总览与验收_R1_v1.0.canvas","a1b2c3d4e5f60305","黎黎隆项目/03_持续发散/2026-09-17/D01_角色_黎黎隆_夺路尾_v1.png","C:\Users\19308\Documents\Obsidian\ten-yuan-vault\黎黎隆项目\03_持续发散\2026-09-17\D01_角色_黎黎隆_夺路尾_v1.png","True"
"00_总览\黎黎隆_项目总览与验收_R1_v1.0.canvas","a1b2c3d4e5f60701","黎黎隆项目/03_持续发散/2026-09-17/D02_角色_塔汀_回返膜_v1.png","C:\Users\19308\Documents\Obsidian\ten-yuan-vault\黎黎隆项目\03_持续发散\2026-09-17\D02_角色_塔汀_回返膜_v1.png","True"
"00_总览\黎黎隆_项目总览与验收_R1_v1.0.canvas","a1b2c3d4e5f60702","黎黎隆项目/03_持续发散/2026-09-17/D02_道具_外脑映脑窗冷却夹具_v1.png","C:\Users\19308\Documents\Obsidian\ten-yuan-vault\黎黎隆项目\03_持续发散\2026-09-17\D02_道具_外脑映脑窗冷却夹具_v1.png","True"
"00_总览\黎黎隆_项目总览与验收_R1_v1.0.canvas","a1b2c3d4e5f60703","黎黎隆项目/03_持续发散/2026-09-17/D02_场景_环形公共身体维护台_v1.png","C:\Users\19308\Documents\Obsidian\ten-yuan-vault\黎黎隆项目\03_持续发散\2026-09-17\D02_场景_环形公共身体维护台_v1.png","True"
"00_总览\黎黎隆_项目总览与验收_R1_v1.0.canvas","a1b2c3d4e5f60306","黎黎隆项目/角色风格_R1-R3/03_GENERATED/黎黎隆_角色风格总规验证_v1_原创漂泊者.png","C:\Users\19308\Documents\Obsidian\ten-yuan-vault\黎黎隆项目\角色风格_R1-R3\03_GENERATED\黎黎隆_角色风格总规验证_v1_原创漂泊者.png","True"
"00_总览\黎黎隆_项目总览与验收_R1_v1.0.canvas","a1b2c3d4e5f60204","方/07_素材图/临时截图/Pasted image 20260913193310.png","C:\Users\19308\Documents\Obsidian\ten-yuan-vault\方\07_素材图\临时截图\Pasted image 20260913193310.png","True"
"00_总览\黎黎隆_项目总览与验收_R1_v1.0.canvas","a1b2c3d4e5f60205","方/07_素材图/临时截图/Pasted image 20260913192710.png","C:\Users\19308\Documents\Obsidian\ten-yuan-vault\方\07_素材图\临时截图\Pasted image 20260913192710.png","True"
"00_总览\黎黎隆_项目总览与验收_R1_v1.0.canvas","a1b2c3d4e5f60403","黎黎隆项目/03_持续发散/2026-09-17/D01_道具_巨尾锚序锁身组件_v1.png","C:\Users\19308\Documents\Obsidian\ten-yuan-vault\黎黎隆项目\03_持续发散\2026-09-17\D01_道具_巨尾锚序锁身组件_v1.png","True"
"00_总览\黎黎隆_项目总览与验收_R1_v1.0.canvas","a1b2c3d4e5f60404","方/07_素材图/临时截图/Pasted image 20260916153009.png","C:\Users\19308\Documents\Obsidian\ten-yuan-vault\方\07_素材图\临时截图\Pasted image 20260916153009.png","True"
"00_总览\黎黎隆_原始灵感板_v0.1.canvas","32fe06bc860ab5ad","方/07_素材图/临时截图/Pasted image 20260917015032.png","C:\Users\19308\Documents\Obsidian\ten-yuan-vault\方\07_素材图\临时截图\Pasted image 20260917015032.png","True"
"00_总览\黎黎隆_原始灵感板_v0.1.canvas","48ac4a88719929d8","方/07_素材图/临时截图/Pasted image 20260917014826.png","C:\Users\19308\Documents\Obsidian\ten-yuan-vault\方\07_素材图\临时截图\Pasted image 20260917014826.png","True"
"00_总览\黎黎隆_原始灵感板_v0.1.canvas","81bf2a81119ac38a","方/07_素材图/临时截图/Pasted image 20260917020147.png","C:\Users\19308\Documents\Obsidian\ten-yuan-vault\方\07_素材图\临时截图\Pasted image 20260917020147.png","True"
"00_总览\黎黎隆_原始灵感板_v0.1.canvas","c266acc7d5b83131","方/07_素材图/临时截图/Pasted image 20260918143536.png","C:\Users\19308\Documents\Obsidian\ten-yuan-vault\方\07_素材图\临时截图\Pasted image 20260918143536.png","True"
"00_总览\黎黎隆_原始灵感板_v0.1.canvas","3bb48bad87db9f7a","方/07_素材图/临时截图/Pasted image 20260917020027.png","C:\Users\19308\Documents\Obsidian\ten-yuan-vault\方\07_素材图\临时截图\Pasted image 20260917020027.png","True"
"00_总览\黎黎隆_原始灵感板_v0.1.canvas","13bb96e35eca9636","方/07_素材图/临时截图/Pasted image 20260918154919.png","C:\Users\19308\Documents\Obsidian\ten-yuan-vault\方\07_素材图\临时截图\Pasted image 20260918154919.png","True"
"00_总览\黎黎隆_原始灵感板_v0.1.canvas","bee8f11fe88cfbb4","方/07_素材图/临时截图/Pasted image 20260918154851.png","C:\Users\19308\Documents\Obsidian\ten-yuan-vault\方\07_素材图\临时截图\Pasted image 20260918154851.png","True"
"00_总览\黎黎隆_原始灵感板_v0.1.canvas","8b586d49f3782468","方/07_素材图/临时截图/Pasted image 20260918154905.png","C:\Users\19308\Documents\Obsidian\ten-yuan-vault\方\07_素材图\临时截图\Pasted image 20260918154905.png","True"
"00_总览\黎黎隆_原始灵感板_v0.1.canvas","901ce64fa2ee53e7","方/07_素材图/临时截图/Pasted image 20260918155014.png","C:\Users\19308\Documents\Obsidian\ten-yuan-vault\方\07_素材图\临时截图\Pasted image 20260918155014.png","True"
"00_总览\黎黎隆_原始灵感板_v0.1.canvas","d7c22201c58f7568","方/07_素材图/临时截图/Pasted image 20260918155024.png","C:\Users\19308\Documents\Obsidian\ten-yuan-vault\方\07_素材图\临时截图\Pasted image 20260918155024.png","True"
"00_总览\黎黎隆_原始灵感板_v0.1.canvas","6dbbd2110e065341","方/07_素材图/临时截图/分镜头对话.jpg","C:\Users\19308\Documents\Obsidian\ten-yuan-vault\方\07_素材图\临时截图\分镜头对话.jpg","True"
"00_总览\黎黎隆_原始灵感板_v0.1.canvas","417e2d27f24bbe3c","方/07_素材图/临时截图/雨中的故事剧本1 1.jpg","C:\Users\19308\Documents\Obsidian\ten-yuan-vault\方\07_素材图\临时截图\雨中的故事剧本1 1.jpg","True"
"00_总览\黎黎隆_原始灵感板_v0.1.canvas","b2cb807b99a2fa19","方/07_素材图/临时截图/Pasted image 20260913193940.png","C:\Users\19308\Documents\Obsidian\ten-yuan-vault\方\07_素材图\临时截图\Pasted image 20260913193940.png","True"
"00_总览\黎黎隆_原始灵感板_v0.1.canvas","08550c689712a4a7","方/07_素材图/临时截图/Pasted image 20260913193930.png","C:\Users\19308\Documents\Obsidian\ten-yuan-vault\方\07_素材图\临时截图\Pasted image 20260913193930.png","True"
"00_总览\黎黎隆_原始灵感板_v0.1.canvas","cb60cdf32794437d","方/07_素材图/临时截图/Pasted image 20260915163353.png","C:\Users\19308\Documents\Obsidian\ten-yuan-vault\方\07_素材图\临时截图\Pasted image 20260915163353.png","True"
"00_总览\黎黎隆_原始灵感板_v0.1.canvas","e26b4212bb7f8d0a","方/07_素材图/临时截图/Pasted image 20260917020202.png","C:\Users\19308\Documents\Obsidian\ten-yuan-vault\方\07_素材图\临时截图\Pasted image 20260917020202.png","True"
"00_总览\黎黎隆_原始灵感板_v0.1.canvas","edd296b3c29e000a","方/07_素材图/临时截图/Pasted image 20260917020207.png","C:\Users\19308\Documents\Obsidian\ten-yuan-vault\方\07_素材图\临时截图\Pasted image 20260917020207.png","True"
"00_总览\黎黎隆_原始灵感板_v0.1.canvas","af5212b1340f7937","方/07_素材图/临时截图/Pasted image 20260916153014.png","C:\Users\19308\Documents\Obsidian\ten-yuan-vault\方\07_素材图\临时截图\Pasted image 20260916153014.png","True"
"00_总览\黎黎隆_原始灵感板_v0.1.canvas","715ea4563ea13667","方/07_素材图/临时截图/Pasted image 20260917020455.png","C:\Users\19308\Documents\Obsidian\ten-yuan-vault\方\07_素材图\临时截图\Pasted image 20260917020455.png","True"
"00_总览\黎黎隆_原始灵感板_v0.1.canvas","80d3194e98a85f9c","方/07_素材图/临时截图/Pasted image 20260915163508.png","C:\Users\19308\Documents\Obsidian\ten-yuan-vault\方\07_素材图\临时截图\Pasted image 20260915163508.png","True"
"00_总览\黎黎隆_原始灵感板_v0.1.canvas","bec92821bb51db59","方/07_素材图/临时截图/Pasted image 20260917020347.png","C:\Users\19308\Documents\Obsidian\ten-yuan-vault\方\07_素材图\临时截图\Pasted image 20260917020347.png","True"
"00_总览\黎黎隆_原始灵感板_v0.1.canvas","963f167dbf99aaab","方/07_素材图/临时截图/Pasted image 20260917020321.png","C:\Users\19308\Documents\Obsidian\ten-yuan-vault\方\07_素材图\临时截图\Pasted image 20260917020321.png","True"
"00_总览\黎黎隆_原始灵感板_v0.1.canvas","4b178c7d341d6029","方/07_素材图/临时截图/Pasted image 20260917020343.png","C:\Users\19308\Documents\Obsidian\ten-yuan-vault\方\07_素材图\临时截图\Pasted image 20260917020343.png","True"
"00_总览\黎黎隆_原始灵感板_v0.1.canvas","6a05b7ba6f323b04","方/07_素材图/临时截图/Pasted image 20260917020219.png","C:\Users\19308\Documents\Obsidian\ten-yuan-vault\方\07_素材图\临时截图\Pasted image 20260917020219.png","True"
"00_总览\黎黎隆_原始灵感板_v0.1.canvas","18fffeee2dd6b7ff","方/07_素材图/临时截图/Pasted image 20260917020155.png","C:\Users\19308\Documents\Obsidian\ten-yuan-vault\方\07_素材图\临时截图\Pasted image 20260917020155.png","True"
"00_总览\黎黎隆_原始灵感板_v0.1.canvas","398149a64ab25a51","方/07_素材图/临时截图/雨中的故事剧本2.jpg","C:\Users\19308\Documents\Obsidian\ten-yuan-vault\方\07_素材图\临时截图\雨中的故事剧本2.jpg","True"
"00_总览\黎黎隆_原始灵感板_v0.1.canvas","c24724ef82b4ae8f","方/07_素材图/临时截图/FZM_20260918_character_charm_shy_gentle_s72001_00001_.mp4","C:\Users\19308\Documents\Obsidian\ten-yuan-vault\方\07_素材图\临时截图\FZM_20260918_character_charm_shy_gentle_s72001_00001_.mp4","True"
"00_总览\黎黎隆_原始灵感板_v0.1.canvas","820f98f6a11c311f","方/07_素材图/临时截图/Pasted image 20260913214400.png","C:\Users\19308\Documents\Obsidian\ten-yuan-vault\方\07_素材图\临时截图\Pasted image 20260913214400.png","True"
"00_总览\黎黎隆_原始灵感板_v0.1.canvas","21590084d2d06424","方/07_素材图/临时截图/Pasted image 20260913193310.png","C:\Users\19308\Documents\Obsidian\ten-yuan-vault\方\07_素材图\临时截图\Pasted image 20260913193310.png","True"
"00_总览\黎黎隆_原始灵感板_v0.1.canvas","342118c7bdd1c285","方/07_素材图/临时截图/奇美拉角色.jpg","C:\Users\19308\Documents\Obsidian\ten-yuan-vault\方\07_素材图\临时截图\奇美拉角色.jpg","True"
"00_总览\黎黎隆_原始灵感板_v0.1.canvas","2f0ba6aa9d837953","方/07_素材图/临时截图/Pasted image 20260913194556.png","C:\Users\19308\Documents\Obsidian\ten-yuan-vault\方\07_素材图\临时截图\Pasted image 20260913194556.png","True"
"00_总览\黎黎隆_原始灵感板_v0.1.canvas","2c88455cb7c0440a","方/07_素材图/临时截图/Pasted image 20260913193426.png","C:\Users\19308\Documents\Obsidian\ten-yuan-vault\方\07_素材图\临时截图\Pasted image 20260913193426.png","True"
"00_总览\黎黎隆_原始灵感板_v0.1.canvas","5f38d111cfeaf6a5","方/07_素材图/临时截图/Pasted image 20260913214024.png","C:\Users\19308\Documents\Obsidian\ten-yuan-vault\方\07_素材图\临时截图\Pasted image 20260913214024.png","True"
"00_总览\黎黎隆_原始灵感板_v0.1.canvas","e600068015c0e7f8","方/07_素材图/临时截图/Pasted image 20260913192840.png","C:\Users\19308\Documents\Obsidian\ten-yuan-vault\方\07_素材图\临时截图\Pasted image 20260913192840.png","True"
"00_总览\黎黎隆_原始灵感板_v0.1.canvas","eb95a9559b25abfb","方/07_素材图/临时截图/Pasted image 20260917020449.png","C:\Users\19308\Documents\Obsidian\ten-yuan-vault\方\07_素材图\临时截图\Pasted image 20260917020449.png","True"
"00_总览\黎黎隆_原始灵感板_v0.1.canvas","c70093134e72b986","方/07_素材图/临时截图/Pasted image 20260917020425.png","C:\Users\19308\Documents\Obsidian\ten-yuan-vault\方\07_素材图\临时截图\Pasted image 20260917020425.png","True"
"00_总览\黎黎隆_原始灵感板_v0.1.canvas","319b24375258a051","方/07_素材图/临时截图/Pasted image 20260917020046.png","C:\Users\19308\Documents\Obsidian\ten-yuan-vault\方\07_素材图\临时截图\Pasted image 20260917020046.png","True"
"00_总览\黎黎隆_原始灵感板_v0.1.canvas","87b7c9c80c784ca8","方/07_素材图/临时截图/Pasted image 20260917020733.png","C:\Users\19308\Documents\Obsidian\ten-yuan-vault\方\07_素材图\临时截图\Pasted image 20260917020733.png","True"
"00_总览\黎黎隆_原始灵感板_v0.1.canvas","623a223f6428c50f","方/07_素材图/临时截图/Pasted image 20260917015018.png","C:\Users\19308\Documents\Obsidian\ten-yuan-vault\方\07_素材图\临时截图\Pasted image 20260917015018.png","True"
"00_总览\黎黎隆_原始灵感板_v0.1.canvas","6a8a81e39f4f9aaa","方/07_素材图/临时截图/66f5deff1acf18491fb487e61858e947.mp4","C:\Users\19308\Documents\Obsidian\ten-yuan-vault\方\07_素材图\临时截图\66f5deff1acf18491fb487e61858e947.mp4","True"
"00_总览\黎黎隆_原始灵感板_v0.1.canvas","df65e97f960a9771","方/07_素材图/临时截图/Pasted image 20260913194221.png","C:\Users\19308\Documents\Obsidian\ten-yuan-vault\方\07_素材图\临时截图\Pasted image 20260913194221.png","True"
"00_总览\黎黎隆_原始灵感板_v0.1.canvas","3d6707e602e1bab2","方/07_素材图/临时截图/Pasted image 20260916153009.png","C:\Users\19308\Documents\Obsidian\ten-yuan-vault\方\07_素材图\临时截图\Pasted image 20260916153009.png","True"
"00_总览\黎黎隆_原始灵感板_v0.1.canvas","8883e06c2f1d1515","方/07_素材图/临时截图/Pasted image 20260915163521.png","C:\Users\19308\Documents\Obsidian\ten-yuan-vault\方\07_素材图\临时截图\Pasted image 20260915163521.png","True"
"00_总览\黎黎隆_原始灵感板_v0.1.canvas","70d84e93f031f2ae","方/07_素材图/临时截图/大叔角色配色2.jpg","C:\Users\19308\Documents\Obsidian\ten-yuan-vault\方\07_素材图\临时截图\大叔角色配色2.jpg","True"
"00_总览\黎黎隆_原始灵感板_v0.1.canvas","f1cf2822a7c8f1c3","方/07_素材图/临时截图/Pasted image 20260915163453.png","C:\Users\19308\Documents\Obsidian\ten-yuan-vault\方\07_素材图\临时截图\Pasted image 20260915163453.png","True"
"00_总览\黎黎隆_原始灵感板_v0.1.canvas","fcbc68bdc72cfed9","方/07_素材图/临时截图/Pasted image 20260918001157.png","C:\Users\19308\Documents\Obsidian\ten-yuan-vault\方\07_素材图\临时截图\Pasted image 20260918001157.png","True"
"00_总览\黎黎隆_原始灵感板_v0.1.canvas","b36c16057b97b3e5","方/07_素材图/临时截图/Pasted image 20260913192710.png","C:\Users\19308\Documents\Obsidian\ten-yuan-vault\方\07_素材图\临时截图\Pasted image 20260913192710.png","True"
"00_总览\黎黎隆_原始灵感板_v0.1.canvas","afc137f7b4336e27","方/07_素材图/临时截图/Pasted image 20260913192750.png","C:\Users\19308\Documents\Obsidian\ten-yuan-vault\方\07_素材图\临时截图\Pasted image 20260913192750.png","True"
"00_总览\黎黎隆_原始灵感板_v0.1.canvas","b1754e0cc7587371","方/07_素材图/临时截图/Pasted image 20260913195017.png","C:\Users\19308\Documents\Obsidian\ten-yuan-vault\方\07_素材图\临时截图\Pasted image 20260913195017.png","True"
"00_总览\黎黎隆_原始灵感板_v0.1.canvas","7fede0f37968e417","方/07_素材图/临时截图/Pasted image 20260913195002.png","C:\Users\19308\Documents\Obsidian\ten-yuan-vault\方\07_素材图\临时截图\Pasted image 20260913195002.png","True"
"00_总览\黎黎隆_原始灵感板_v0.1.canvas","be169be4dbd0fc85","黎黎隆项目/03_持续发散/2026-09-17/D02_角色_塔汀_回返膜_v1.png","C:\Users\19308\Documents\Obsidian\ten-yuan-vault\黎黎隆项目\03_持续发散\2026-09-17\D02_角色_塔汀_回返膜_v1.png","True"
"00_总览\黎黎隆_原始灵感板_v0.1.canvas","78ec59b919d428ff","方/07_素材图/临时截图/Pasted image 20260918011239.png","C:\Users\19308\Documents\Obsidian\ten-yuan-vault\方\07_素材图\临时截图\Pasted image 20260918011239.png","True"
"00_总览\黎黎隆_原始灵感板_v0.1.canvas","1f3f60981823aa8e","方/07_素材图/临时截图/Pasted image 20260918171238.png","C:\Users\19308\Documents\Obsidian\ten-yuan-vault\方\07_素材图\临时截图\Pasted image 20260918171238.png","True"
"00_总览\黎黎隆_原始灵感板_v0.1.canvas","3ca8d12bbcfeb6d3","方/07_素材图/临时截图/雨中的故事剧本1.jpg","C:\Users\19308\Documents\Obsidian\ten-yuan-vault\方\07_素材图\临时截图\雨中的故事剧本1.jpg","True"
"00_总览\黎黎隆_原始灵感板_v0.1.canvas","fe0ab3dd89dbfcd8","方/07_素材图/临时截图/总合 黎黎隆 刘启师21101020102.doc","C:\Users\19308\Documents\Obsidian\ten-yuan-vault\方\07_素材图\临时截图\总合 黎黎隆 刘启师21101020102.doc","True"
"00_总览\黎黎隆_原始灵感板_v0.1.canvas","5eaa752d4e8d1dba","方/07_素材图/临时截图/Pasted image 20260913195011.png","C:\Users\19308\Documents\Obsidian\ten-yuan-vault\方\07_素材图\临时截图\Pasted image 20260913195011.png","True"
"00_总览\黎黎隆_原始灵感板_v0.1.canvas","84197cefe4ce8da8","方/07_素材图/临时截图/Pasted image 20260913194950.png","C:\Users\19308\Documents\Obsidian\ten-yuan-vault\方\07_素材图\临时截图\Pasted image 20260913194950.png","True"
"00_总览\黎黎隆_原始灵感板_v0.1.canvas","353063d242596471","方/07_素材图/临时截图/Pasted image 20260918001425.png","C:\Users\19308\Documents\Obsidian\ten-yuan-vault\方\07_素材图\临时截图\Pasted image 20260918001425.png","True"
"00_总览\黎黎隆_原始灵感板_v0.1.canvas","09caa65cb577efe8","方/07_素材图/临时截图/FZM_20260917_character_idle_front_s71009_00001_.mp4","C:\Users\19308\Documents\Obsidian\ten-yuan-vault\方\07_素材图\临时截图\FZM_20260917_character_idle_front_s71009_00001_.mp4","True"
"00_总览\黎黎隆_原始灵感板_v0.1.canvas","c925347305aeec53","方/07_素材图/临时截图/FZM_20260917_character_idle_front_s71010_00001_.mp4","C:\Users\19308\Documents\Obsidian\ten-yuan-vault\方\07_素材图\临时截图\FZM_20260917_character_idle_front_s71010_00001_.mp4","True"
"00_总览\黎黎隆_原始灵感板_v0.1.canvas","adc1de91248392d0","方/07_素材图/临时截图/Pasted image 20260918000756.png","C:\Users\19308\Documents\Obsidian\ten-yuan-vault\方\07_素材图\临时截图\Pasted image 20260918000756.png","True"
"02_角色\黎黎隆_角色风格_R1-R3_本地化_v1.0.canvas","orig_uncle","黎黎隆项目/角色风格_R1-R3/02_USER_ORIGINAL/大叔角色配色2.jpg","C:\Users\19308\Documents\Obsidian\ten-yuan-vault\黎黎隆项目\角色风格_R1-R3\02_USER_ORIGINAL\大叔角色配色2.jpg","True"
"02_角色\黎黎隆_角色风格_R1-R3_本地化_v1.0.canvas","orig_lili","黎黎隆项目/角色风格_R1-R3/02_USER_ORIGINAL/黎黎角色_配色.jpg","C:\Users\19308\Documents\Obsidian\ten-yuan-vault\黎黎隆项目\角色风格_R1-R3\02_USER_ORIGINAL\黎黎角色_配色.jpg","True"
"02_角色\黎黎隆_角色风格_R1-R3_本地化_v1.0.canvas","orig_chimera","黎黎隆项目/角色风格_R1-R3/02_USER_ORIGINAL/奇美拉角色.jpg","C:\Users\19308\Documents\Obsidian\ten-yuan-vault\黎黎隆项目\角色风格_R1-R3\02_USER_ORIGINAL\奇美拉角色.jpg","True"
"02_角色\黎黎隆_角色风格_R1-R3_本地化_v1.0.canvas","10b61fe19215c9aa","黎黎隆项目/角色风格_R1-R3/01_REFERENCE/R01_WAKFU/thumb_01.jpg","C:\Users\19308\Documents\Obsidian\ten-yuan-vault\黎黎隆项目\角色风格_R1-R3\01_REFERENCE\R01_WAKFU\thumb_01.jpg","True"
"02_角色\黎黎隆_角色风格_R1-R3_本地化_v1.0.canvas","307d66aeccfc51cd","黎黎隆项目/角色风格_R1-R3/01_REFERENCE/R01_WAKFU/thumb_06.jpg","C:\Users\19308\Documents\Obsidian\ten-yuan-vault\黎黎隆项目\角色风格_R1-R3\01_REFERENCE\R01_WAKFU\thumb_06.jpg","True"
"02_角色\黎黎隆_角色风格_R1-R3_本地化_v1.0.canvas","e8dafbead5e96035","黎黎隆项目/角色风格_R1-R3/01_REFERENCE/R01_WAKFU/thumb_10.jpg","C:\Users\19308\Documents\Obsidian\ten-yuan-vault\黎黎隆项目\角色风格_R1-R3\01_REFERENCE\R01_WAKFU\thumb_10.jpg","True"
"02_角色\黎黎隆_角色风格_R1-R3_本地化_v1.0.canvas","5489eef92f183ec5","黎黎隆项目/角色风格_R1-R3/01_REFERENCE/R02_GuiltyGear/thumb_01.jpg","C:\Users\19308\Documents\Obsidian\ten-yuan-vault\黎黎隆项目\角色风格_R1-R3\01_REFERENCE\R02_GuiltyGear\thumb_01.jpg","True"
"02_角色\黎黎隆_角色风格_R1-R3_本地化_v1.0.canvas","199814a53ca522d6","黎黎隆项目/角色风格_R1-R3/01_REFERENCE/R02_GuiltyGear/thumb_07.jpg","C:\Users\19308\Documents\Obsidian\ten-yuan-vault\黎黎隆项目\角色风格_R1-R3\01_REFERENCE\R02_GuiltyGear\thumb_07.jpg","True"
"02_角色\黎黎隆_角色风格_R1-R3_本地化_v1.0.canvas","103068a6957916e3","黎黎隆项目/角色风格_R1-R3/01_REFERENCE/R02_GuiltyGear/thumb_12.jpg","C:\Users\19308\Documents\Obsidian\ten-yuan-vault\黎黎隆项目\角色风格_R1-R3\01_REFERENCE\R02_GuiltyGear\thumb_12.jpg","True"
"02_角色\黎黎隆_角色风格_R1-R3_本地化_v1.0.canvas","3eeddb7b693579e5","黎黎隆项目/角色风格_R1-R3/01_REFERENCE/R03_PROMARE/thumb_01.jpg","C:\Users\19308\Documents\Obsidian\ten-yuan-vault\黎黎隆项目\角色风格_R1-R3\01_REFERENCE\R03_PROMARE\thumb_01.jpg","True"
"02_角色\黎黎隆_角色风格_R1-R3_本地化_v1.0.canvas","d557a1885eaea3a3","黎黎隆项目/角色风格_R1-R3/01_REFERENCE/R03_PROMARE/thumb_05.jpg","C:\Users\19308\Documents\Obsidian\ten-yuan-vault\黎黎隆项目\角色风格_R1-R3\01_REFERENCE\R03_PROMARE\thumb_05.jpg","True"
"02_角色\黎黎隆_角色风格_R1-R3_本地化_v1.0.canvas","00d436f09525dfc5","黎黎隆项目/角色风格_R1-R3/01_REFERENCE/R03_PROMARE/thumb_08.jpg","C:\Users\19308\Documents\Obsidian\ten-yuan-vault\黎黎隆项目\角色风格_R1-R3\01_REFERENCE\R03_PROMARE\thumb_08.jpg","True"
"02_角色\黎黎隆_角色风格_R1-R3_本地化_v1.0.canvas","898b577952945bd9","黎黎隆项目/角色风格_R1-R3/01_REFERENCE/R04_Fortiche_ARCANE/thumb_01.jpg","C:\Users\19308\Documents\Obsidian\ten-yuan-vault\黎黎隆项目\角色风格_R1-R3\01_REFERENCE\R04_Fortiche_ARCANE\thumb_01.jpg","True"
"02_角色\黎黎隆_角色风格_R1-R3_本地化_v1.0.canvas","e3581b2f916e48fa","黎黎隆项目/角色风格_R1-R3/01_REFERENCE/R04_Fortiche_ARCANE/thumb_05.jpg","C:\Users\19308\Documents\Obsidian\ten-yuan-vault\黎黎隆项目\角色风格_R1-R3\01_REFERENCE\R04_Fortiche_ARCANE\thumb_05.jpg","True"
"02_角色\黎黎隆_角色风格_R1-R3_本地化_v1.0.canvas","027f8c8a27ca7589","黎黎隆项目/角色风格_R1-R3/01_REFERENCE/R04_Fortiche_ARCANE/thumb_08.jpg","C:\Users\19308\Documents\Obsidian\ten-yuan-vault\黎黎隆项目\角色风格_R1-R3\01_REFERENCE\R04_Fortiche_ARCANE\thumb_08.jpg","True"
"02_角色\黎黎隆_角色风格_R1-R3_本地化_v1.0.canvas","7a01fdeb3f3850ae","黎黎隆项目/角色风格_R1-R3/01_REFERENCE/R05_HADES/thumb_01.jpg","C:\Users\19308\Documents\Obsidian\ten-yuan-vault\黎黎隆项目\角色风格_R1-R3\01_REFERENCE\R05_HADES\thumb_01.jpg","True"
"02_角色\黎黎隆_角色风格_R1-R3_本地化_v1.0.canvas","3b42cc1954dc9411","黎黎隆项目/角色风格_R1-R3/01_REFERENCE/R05_HADES/thumb_05.jpg","C:\Users\19308\Documents\Obsidian\ten-yuan-vault\黎黎隆项目\角色风格_R1-R3\01_REFERENCE\R05_HADES\thumb_05.jpg","True"
"02_角色\黎黎隆_角色风格_R1-R3_本地化_v1.0.canvas","272e77829343bfaf","黎黎隆项目/角色风格_R1-R3/01_REFERENCE/R05_HADES/thumb_08.jpg","C:\Users\19308\Documents\Obsidian\ten-yuan-vault\黎黎隆项目\角色风格_R1-R3\01_REFERENCE\R05_HADES\thumb_08.jpg","True"
"02_角色\黎黎隆_角色风格_R1-R3_本地化_v1.0.canvas","19f8ba759eff048d","黎黎隆项目/角色风格_R1-R3/01_REFERENCE/R06_HiFi_RUSH/thumb_01.jpg","C:\Users\19308\Documents\Obsidian\ten-yuan-vault\黎黎隆项目\角色风格_R1-R3\01_REFERENCE\R06_HiFi_RUSH\thumb_01.jpg","True"
"02_角色\黎黎隆_角色风格_R1-R3_本地化_v1.0.canvas","792aad148f3d0a98","黎黎隆项目/角色风格_R1-R3/01_REFERENCE/R06_HiFi_RUSH/thumb_06.jpg","C:\Users\19308\Documents\Obsidian\ten-yuan-vault\黎黎隆项目\角色风格_R1-R3\01_REFERENCE\R06_HiFi_RUSH\thumb_06.jpg","True"
"02_角色\黎黎隆_角色风格_R1-R3_本地化_v1.0.canvas","2aa2b1baba0c7f8f","黎黎隆项目/角色风格_R1-R3/01_REFERENCE/R06_HiFi_RUSH/thumb_10.jpg","C:\Users\19308\Documents\Obsidian\ten-yuan-vault\黎黎隆项目\角色风格_R1-R3\01_REFERENCE\R06_HiFi_RUSH\thumb_10.jpg","True"
"02_角色\黎黎隆_角色风格_R1-R3_本地化_v1.0.canvas","b34afe3209531528","黎黎隆项目/角色风格_R1-R3/01_REFERENCE/R07_Gorillaz_Hewlett/thumb_01.jpg","C:\Users\19308\Documents\Obsidian\ten-yuan-vault\黎黎隆项目\角色风格_R1-R3\01_REFERENCE\R07_Gorillaz_Hewlett\thumb_01.jpg","True"
"02_角色\黎黎隆_角色风格_R1-R3_本地化_v1.0.canvas","0dbd5d8f02c36b4e","黎黎隆项目/角色风格_R1-R3/01_REFERENCE/R07_Gorillaz_Hewlett/thumb_04.jpg","C:\Users\19308\Documents\Obsidian\ten-yuan-vault\黎黎隆项目\角色风格_R1-R3\01_REFERENCE\R07_Gorillaz_Hewlett\thumb_04.jpg","True"
"02_角色\黎黎隆_角色风格_R1-R3_本地化_v1.0.canvas","53900305f22f4f00","黎黎隆项目/角色风格_R1-R3/01_REFERENCE/R07_Gorillaz_Hewlett/thumb_06.jpg","C:\Users\19308\Documents\Obsidian\ten-yuan-vault\黎黎隆项目\角色风格_R1-R3\01_REFERENCE\R07_Gorillaz_Hewlett\thumb_06.jpg","True"
"02_角色\黎黎隆_角色风格_R1-R3_本地化_v1.0.canvas","d4438d28872865fa","黎黎隆项目/角色风格_R1-R3/01_REFERENCE/R08_Moebius/thumb_01.jpg","C:\Users\19308\Documents\Obsidian\ten-yuan-vault\黎黎隆项目\角色风格_R1-R3\01_REFERENCE\R08_Moebius\thumb_01.jpg","True"
"02_角色\黎黎隆_角色风格_R1-R3_本地化_v1.0.canvas","0b219c140e0b6e24","黎黎隆项目/角色风格_R1-R3/01_REFERENCE/R08_Moebius/thumb_04.jpg","C:\Users\19308\Documents\Obsidian\ten-yuan-vault\黎黎隆项目\角色风格_R1-R3\01_REFERENCE\R08_Moebius\thumb_04.jpg","True"
"02_角色\黎黎隆_角色风格_R1-R3_本地化_v1.0.canvas","17dac68efe1955cb","黎黎隆项目/角色风格_R1-R3/01_REFERENCE/R08_Moebius/thumb_06.jpg","C:\Users\19308\Documents\Obsidian\ten-yuan-vault\黎黎隆项目\角色风格_R1-R3\01_REFERENCE\R08_Moebius\thumb_06.jpg","True"
"02_角色\黎黎隆_角色风格_R1-R3_本地化_v1.0.canvas","9d4a47dd0036a462","黎黎隆项目/角色风格_R1-R3/01_REFERENCE/R09_MonsterHunter/thumb_01.jpg","C:\Users\19308\Documents\Obsidian\ten-yuan-vault\黎黎隆项目\角色风格_R1-R3\01_REFERENCE\R09_MonsterHunter\thumb_01.jpg","True"
"02_角色\黎黎隆_角色风格_R1-R3_本地化_v1.0.canvas","9d4cb89ec4408d14","黎黎隆项目/角色风格_R1-R3/01_REFERENCE/R09_MonsterHunter/thumb_05.jpg","C:\Users\19308\Documents\Obsidian\ten-yuan-vault\黎黎隆项目\角色风格_R1-R3\01_REFERENCE\R09_MonsterHunter\thumb_05.jpg","True"
"02_角色\黎黎隆_角色风格_R1-R3_本地化_v1.0.canvas","c9e0ec7bee0d8730","黎黎隆项目/角色风格_R1-R3/01_REFERENCE/R09_MonsterHunter/thumb_08.jpg","C:\Users\19308\Documents\Obsidian\ten-yuan-vault\黎黎隆项目\角色风格_R1-R3\01_REFERENCE\R09_MonsterHunter\thumb_08.jpg","True"
"02_角色\黎黎隆_角色风格_R1-R3_本地化_v1.0.canvas","059835ef8445e3a2","黎黎隆项目/角色风格_R1-R3/01_REFERENCE/R10_LoL_Clarity/thumb_01.jpg","C:\Users\19308\Documents\Obsidian\ten-yuan-vault\黎黎隆项目\角色风格_R1-R3\01_REFERENCE\R10_LoL_Clarity\thumb_01.jpg","True"
"02_角色\黎黎隆_角色风格_R1-R3_本地化_v1.0.canvas","6a8cdda3b9c90179","黎黎隆项目/角色风格_R1-R3/01_REFERENCE/R10_LoL_Clarity/thumb_04.jpg","C:\Users\19308\Documents\Obsidian\ten-yuan-vault\黎黎隆项目\角色风格_R1-R3\01_REFERENCE\R10_LoL_Clarity\thumb_04.jpg","True"
"02_角色\黎黎隆_角色风格_R1-R3_本地化_v1.0.canvas","e79f496280ae1b9a","黎黎隆项目/角色风格_R1-R3/01_REFERENCE/R10_LoL_Clarity/thumb_06.jpg","C:\Users\19308\Documents\Obsidian\ten-yuan-vault\黎黎隆项目\角色风格_R1-R3\01_REFERENCE\R10_LoL_Clarity\thumb_06.jpg","True"
"02_角色\黎黎隆_角色风格_R1-R3_本地化_v1.0.canvas","4e0935028b699f32","黎黎隆项目/角色风格_R1-R3/01_REFERENCE/R10_LoL_Clarity/clarity_100px_comparison.jpg","C:\Users\19308\Documents\Obsidian\ten-yuan-vault\黎黎隆项目\角色风格_R1-R3\01_REFERENCE\R10_LoL_Clarity\clarity_100px_comparison.jpg","True"
"02_角色\黎黎隆_角色风格_R1-R3_原始_v1.0.canvas","orig_uncle","黎黎隆项目/角色风格_R1-R3/02_USER_ORIGINAL/大叔角色配色2.jpg","C:\Users\19308\Documents\Obsidian\ten-yuan-vault\黎黎隆项目\角色风格_R1-R3\02_USER_ORIGINAL\大叔角色配色2.jpg","True"
"02_角色\黎黎隆_角色风格_R1-R3_原始_v1.0.canvas","orig_lili","黎黎隆项目/角色风格_R1-R3/02_USER_ORIGINAL/黎黎角色_配色.jpg","C:\Users\19308\Documents\Obsidian\ten-yuan-vault\黎黎隆项目\角色风格_R1-R3\02_USER_ORIGINAL\黎黎角色_配色.jpg","True"
"02_角色\黎黎隆_角色风格_R1-R3_原始_v1.0.canvas","orig_chimera","黎黎隆项目/角色风格_R1-R3/02_USER_ORIGINAL/奇美拉角色.jpg","C:\Users\19308\Documents\Obsidian\ten-yuan-vault\黎黎隆项目\角色风格_R1-R3\02_USER_ORIGINAL\奇美拉角色.jpg","True"
"02_角色\黎黎隆_角色限定色_v0.1.canvas","seed1","assets/seed_characters.png","C:\Users\19308\Documents\Obsidian\ten-yuan-vault\黎黎隆项目\assets\seed_characters.png","False"
"02_角色\黎黎隆_角色限定色_v0.1.canvas","seed2","assets/seed_process.png","C:\Users\19308\Documents\Obsidian\ten-yuan-vault\黎黎隆项目\assets\seed_process.png","False"
"02_角色\黎黎隆_角色限定色_v0.1.canvas","palette","黎黎隆项目/黎黎隆_场景视觉化_v1/assets/palette_crop.png","C:\Users\19308\Documents\Obsidian\ten-yuan-vault\黎黎隆项目\黎黎隆_场景视觉化_v1\assets\palette_crop.png","True"
"03_机制\黎黎隆_X并Z克NZ_参考墙_R1-R5_本地化_v4.0.canvas","link_2061687b47","黎黎隆项目/assets/refs/X并Z克NZ/ref_05.webp","C:\Users\19308\Documents\Obsidian\ten-yuan-vault\黎黎隆项目\assets\refs\X并Z克NZ\ref_05.webp","True"
"03_机制\黎黎隆_X并Z克NZ_参考墙_R1-R5_本地化_v4.0.canvas","link_0f0e977443","黎黎隆项目/assets/refs/X并Z克NZ/ref_06.jpg","C:\Users\19308\Documents\Obsidian\ten-yuan-vault\黎黎隆项目\assets\refs\X并Z克NZ\ref_06.jpg","True"
"03_机制\黎黎隆_X并Z克NZ_参考墙_R1-R5_本地化_v4.0.canvas","link_e4ce8ec19b","黎黎隆项目/assets/refs/X并Z克NZ/ref_04.jpg","C:\Users\19308\Documents\Obsidian\ten-yuan-vault\黎黎隆项目\assets\refs\X并Z克NZ\ref_04.jpg","True"
"03_机制\黎黎隆_X并Z克NZ_参考墙_R1-R5_本地化_v4.0.canvas","link_4aa58b76ce","黎黎隆项目/assets/refs/X并Z克NZ/ref_09.jpg","C:\Users\19308\Documents\Obsidian\ten-yuan-vault\黎黎隆项目\assets\refs\X并Z克NZ\ref_09.jpg","True"
"03_机制\黎黎隆_X并Z克NZ_参考墙_R1-R5_本地化_v4.0.canvas","link_e79395ce38","黎黎隆项目/assets/refs/X并Z克NZ/ref_01.jpg","C:\Users\19308\Documents\Obsidian\ten-yuan-vault\黎黎隆项目\assets\refs\X并Z克NZ\ref_01.jpg","True"
"03_机制\黎黎隆_X并Z克NZ_参考墙_R1-R5_本地化_v4.0.canvas","link_3c35466b4f","黎黎隆项目/assets/refs/X并Z克NZ/ref_13.jpg","C:\Users\19308\Documents\Obsidian\ten-yuan-vault\黎黎隆项目\assets\refs\X并Z克NZ\ref_13.jpg","True"
"03_机制\黎黎隆_X并Z克NZ_参考墙_R1-R5_本地化_v4.0.canvas","link_de579fbe65","黎黎隆项目/assets/refs/X并Z克NZ/ref_02.jpg","C:\Users\19308\Documents\Obsidian\ten-yuan-vault\黎黎隆项目\assets\refs\X并Z克NZ\ref_02.jpg","True"
"03_机制\黎黎隆_X并Z克NZ_参考墙_R1-R5_本地化_v4.0.canvas","link_091b599f7a","黎黎隆项目/assets/refs/X并Z克NZ/ref_11.jpg","C:\Users\19308\Documents\Obsidian\ten-yuan-vault\黎黎隆项目\assets\refs\X并Z克NZ\ref_11.jpg","True"
"03_机制\黎黎隆_X并Z克NZ_参考墙_R1-R5_本地化_v4.0.canvas","link_292f4cd6a5","黎黎隆项目/assets/refs/X并Z克NZ/ref_03.jpg","C:\Users\19308\Documents\Obsidian\ten-yuan-vault\黎黎隆项目\assets\refs\X并Z克NZ\ref_03.jpg","True"
"03_机制\黎黎隆_X并Z克NZ_参考墙_R1-R5_本地化_v4.0.canvas","link_e93460135a","黎黎隆项目/assets/refs/X并Z克NZ/ref_22.png","C:\Users\19308\Documents\Obsidian\ten-yuan-vault\黎黎隆项目\assets\refs\X并Z克NZ\ref_22.png","True"
"03_机制\黎黎隆_X并Z克NZ_参考墙_R1-R5_本地化_v4.0.canvas","link_3668230b76","黎黎隆项目/assets/refs/X并Z克NZ/ref_23.jpg","C:\Users\19308\Documents\Obsidian\ten-yuan-vault\黎黎隆项目\assets\refs\X并Z克NZ\ref_23.jpg","True"
"03_机制\黎黎隆_X并Z克NZ_参考墙_R1-R5_本地化_v4.0.canvas","link_f1d3438a41","黎黎隆项目/assets/refs/X并Z克NZ/ref_24.webp","C:\Users\19308\Documents\Obsidian\ten-yuan-vault\黎黎隆项目\assets\refs\X并Z克NZ\ref_24.webp","True"
"03_机制\黎黎隆_X并Z克NZ_参考墙_R1-R5_本地化_v4.0.canvas","link_fb4f3254f3","黎黎隆项目/assets/refs/X并Z克NZ/ref_21.jpg","C:\Users\19308\Documents\Obsidian\ten-yuan-vault\黎黎隆项目\assets\refs\X并Z克NZ\ref_21.jpg","True"
"03_机制\黎黎隆_X并Z克NZ_参考墙_R1-R5_本地化_v4.0.canvas","link_e0876003b4","黎黎隆项目/assets/refs/X并Z克NZ/ref_19.png","C:\Users\19308\Documents\Obsidian\ten-yuan-vault\黎黎隆项目\assets\refs\X并Z克NZ\ref_19.png","True"
"03_机制\黎黎隆_X并Z克NZ_参考墙_R1-R5_本地化_v4.0.canvas","link_6a4538fc73","黎黎隆项目/assets/refs/X并Z克NZ/ref_20.svg","C:\Users\19308\Documents\Obsidian\ten-yuan-vault\黎黎隆项目\assets\refs\X并Z克NZ\ref_20.svg","True"
"03_机制\黎黎隆_X并Z克NZ_参考墙_R1-R5_本地化_v4.0.canvas","link_25f8b63912","黎黎隆项目/assets/refs/X并Z克NZ/ref_12.jpg","C:\Users\19308\Documents\Obsidian\ten-yuan-vault\黎黎隆项目\assets\refs\X并Z克NZ\ref_12.jpg","True"
"03_机制\黎黎隆_X并Z克NZ_参考墙_R1-R5_本地化_v4.0.canvas","link_add18995b8","黎黎隆项目/assets/refs/X并Z克NZ/ref_17.png","C:\Users\19308\Documents\Obsidian\ten-yuan-vault\黎黎隆项目\assets\refs\X并Z克NZ\ref_17.png","True"
"03_机制\黎黎隆_X并Z克NZ_参考墙_R1-R5_本地化_v4.0.canvas","link_e3ad15f5fe","黎黎隆项目/assets/refs/X并Z克NZ/ref_18.png","C:\Users\19308\Documents\Obsidian\ten-yuan-vault\黎黎隆项目\assets\refs\X并Z克NZ\ref_18.png","True"
"03_机制\黎黎隆_X并Z克NZ_参考墙_R1-R5_本地化_v4.0.canvas","link_686ca5b41b","黎黎隆项目/assets/refs/X并Z克NZ/ref_14.jpg","C:\Users\19308\Documents\Obsidian\ten-yuan-vault\黎黎隆项目\assets\refs\X并Z克NZ\ref_14.jpg","True"
"03_机制\黎黎隆_X并Z克NZ_参考墙_R1-R5_本地化_v4.0.canvas","link_9aad593434","黎黎隆项目/assets/refs/X并Z克NZ/ref_10.jpg","C:\Users\19308\Documents\Obsidian\ten-yuan-vault\黎黎隆项目\assets\refs\X并Z克NZ\ref_10.jpg","True"
"03_机制\黎黎隆_X并Z克NZ_参考墙_R1-R5_本地化_v4.0.canvas","link_c0b38dc744","黎黎隆项目/assets/refs/X并Z克NZ/ref_36.jpg","C:\Users\19308\Documents\Obsidian\ten-yuan-vault\黎黎隆项目\assets\refs\X并Z克NZ\ref_36.jpg","True"
"03_机制\黎黎隆_X并Z克NZ_参考墙_R1-R5_本地化_v4.0.canvas","link_d0796dd453","黎黎隆项目/assets/refs/X并Z克NZ/ref_40.webp","C:\Users\19308\Documents\Obsidian\ten-yuan-vault\黎黎隆项目\assets\refs\X并Z克NZ\ref_40.webp","True"
"03_机制\黎黎隆_X并Z克NZ_参考墙_R1-R5_本地化_v4.0.canvas","link_232677675b","黎黎隆项目/assets/refs/X并Z克NZ/ref_08.jpg","C:\Users\19308\Documents\Obsidian\ten-yuan-vault\黎黎隆项目\assets\refs\X并Z克NZ\ref_08.jpg","True"
"03_机制\黎黎隆_X并Z克NZ_参考墙_R1-R5_本地化_v4.0.canvas","link_cc6f1ae911","黎黎隆项目/assets/refs/X并Z克NZ/ref_30.webp","C:\Users\19308\Documents\Obsidian\ten-yuan-vault\黎黎隆项目\assets\refs\X并Z克NZ\ref_30.webp","True"
"03_机制\黎黎隆_X并Z克NZ_参考墙_R1-R5_本地化_v4.0.canvas","link_76b8742397","黎黎隆项目/assets/refs/X并Z克NZ/ref_31.jpg","C:\Users\19308\Documents\Obsidian\ten-yuan-vault\黎黎隆项目\assets\refs\X并Z克NZ\ref_31.jpg","True"
"03_机制\黎黎隆_X并Z克NZ_参考墙_R1-R5_本地化_v4.0.canvas","link_b23b253b9c","黎黎隆项目/assets/refs/X并Z克NZ/ref_27.jpg","C:\Users\19308\Documents\Obsidian\ten-yuan-vault\黎黎隆项目\assets\refs\X并Z克NZ\ref_27.jpg","True"
"03_机制\黎黎隆_X并Z克NZ_参考墙_R1-R5_本地化_v4.0.canvas","link_83c0f3c9ee","黎黎隆项目/assets/refs/X并Z克NZ/ref_29.jpg","C:\Users\19308\Documents\Obsidian\ten-yuan-vault\黎黎隆项目\assets\refs\X并Z克NZ\ref_29.jpg","True"
"03_机制\黎黎隆_X并Z克NZ_参考墙_R1-R5_本地化_v4.0.canvas","link_4c61502bc8","黎黎隆项目/assets/refs/X并Z克NZ/ref_28.jpg","C:\Users\19308\Documents\Obsidian\ten-yuan-vault\黎黎隆项目\assets\refs\X并Z克NZ\ref_28.jpg","True"
"03_机制\黎黎隆_X并Z克NZ_参考墙_R1-R5_本地化_v4.0.canvas","link_8bbdc7d4ce","黎黎隆项目/assets/refs/X并Z克NZ/ref_32.png","C:\Users\19308\Documents\Obsidian\ten-yuan-vault\黎黎隆项目\assets\refs\X并Z克NZ\ref_32.png","True"
"03_机制\黎黎隆_X并Z克NZ_参考墙_R1-R5_本地化_v4.0.canvas","link_4087c10aa3","黎黎隆项目/assets/refs/X并Z克NZ/ref_25.jpg","C:\Users\19308\Documents\Obsidian\ten-yuan-vault\黎黎隆项目\assets\refs\X并Z克NZ\ref_25.jpg","True"
"03_机制\黎黎隆_X并Z克NZ_参考墙_R1-R5_本地化_v4.0.canvas","link_41169904d3","黎黎隆项目/assets/refs/X并Z克NZ/ref_35.webp","C:\Users\19308\Documents\Obsidian\ten-yuan-vault\黎黎隆项目\assets\refs\X并Z克NZ\ref_35.webp","True"
"03_机制\黎黎隆_X并Z克NZ_参考墙_R1-R5_本地化_v4.0.canvas","link_9a1ae8c3de","黎黎隆项目/assets/refs/X并Z克NZ/ref_07.jpg","C:\Users\19308\Documents\Obsidian\ten-yuan-vault\黎黎隆项目\assets\refs\X并Z克NZ\ref_07.jpg","True"
"03_机制\黎黎隆_X并Z克NZ_参考墙_R1-R5_本地化_v4.0.canvas","link_2a0c6f864f","黎黎隆项目/assets/refs/X并Z克NZ/ref_26.jpg","C:\Users\19308\Documents\Obsidian\ten-yuan-vault\黎黎隆项目\assets\refs\X并Z克NZ\ref_26.jpg","True"
"03_机制\黎黎隆_X并Z克NZ_参考墙_R1-R5_本地化_v4.0.canvas","link_1672be4afb","黎黎隆项目/assets/refs/X并Z克NZ/ref_38.jpg","C:\Users\19308\Documents\Obsidian\ten-yuan-vault\黎黎隆项目\assets\refs\X并Z克NZ\ref_38.jpg","True"
"03_机制\黎黎隆_X并Z克NZ_参考墙_R1-R5_本地化_v4.0.canvas","link_ce72ec65b9","黎黎隆项目/assets/refs/X并Z克NZ/ref_45.jpg","C:\Users\19308\Documents\Obsidian\ten-yuan-vault\黎黎隆项目\assets\refs\X并Z克NZ\ref_45.jpg","True"
"03_机制\黎黎隆_X并Z克NZ_参考墙_R1-R5_本地化_v4.0.canvas","link_08af0c70e8","黎黎隆项目/assets/refs/X并Z克NZ/ref_42.jpg","C:\Users\19308\Documents\Obsidian\ten-yuan-vault\黎黎隆项目\assets\refs\X并Z克NZ\ref_42.jpg","True"
"03_机制\黎黎隆_X并Z克NZ_参考墙_R1-R5_本地化_v4.0.canvas","link_f2e92838ec","黎黎隆项目/assets/refs/X并Z克NZ/ref_15.jpg","C:\Users\19308\Documents\Obsidian\ten-yuan-vault\黎黎隆项目\assets\refs\X并Z克NZ\ref_15.jpg","True"
"03_机制\黎黎隆_X并Z克NZ_参考墙_R1-R5_本地化_v4.0.canvas","link_09dcaacccd","黎黎隆项目/assets/refs/X并Z克NZ/ref_16.webp","C:\Users\19308\Documents\Obsidian\ten-yuan-vault\黎黎隆项目\assets\refs\X并Z克NZ\ref_16.webp","True"
"03_机制\黎黎隆_X并Z克NZ_参考墙_R1-R5_本地化_v4.0.canvas","link_a9a2c4923d","黎黎隆项目/assets/refs/X并Z克NZ/ref_34.jpg","C:\Users\19308\Documents\Obsidian\ten-yuan-vault\黎黎隆项目\assets\refs\X并Z克NZ\ref_34.jpg","True"
"03_机制\黎黎隆_X并Z克NZ_参考墙_R1-R5_本地化_v4.0.canvas","link_db3f79406a","黎黎隆项目/assets/refs/X并Z克NZ/ref_33.jpg","C:\Users\19308\Documents\Obsidian\ten-yuan-vault\黎黎隆项目\assets\refs\X并Z克NZ\ref_33.jpg","True"
"03_机制\黎黎隆_X并Z克NZ_参考墙_R1-R5_本地化_v4.0.canvas","link_e19f4dfdf8","黎黎隆项目/assets/refs/X并Z克NZ/ref_41.jpg","C:\Users\19308\Documents\Obsidian\ten-yuan-vault\黎黎隆项目\assets\refs\X并Z克NZ\ref_41.jpg","True"
"03_机制\黎黎隆_X并Z克NZ_参考墙_R1-R5_本地化_v4.0.canvas","link_0053bc497c","黎黎隆项目/assets/refs/X并Z克NZ/ref_37.jpg","C:\Users\19308\Documents\Obsidian\ten-yuan-vault\黎黎隆项目\assets\refs\X并Z克NZ\ref_37.jpg","True"
"03_机制\黎黎隆_X并Z克NZ_参考墙_R1-R5_本地化_v4.0.canvas","link_72d0aeac92","黎黎隆项目/assets/refs/X并Z克NZ/ref_39.jpg","C:\Users\19308\Documents\Obsidian\ten-yuan-vault\黎黎隆项目\assets\refs\X并Z克NZ\ref_39.jpg","True"
"03_机制\黎黎隆_X并Z克NZ_参考墙_R1-R5_本地化_v4.0.canvas","link_6fbda0f8da","黎黎隆项目/assets/refs/X并Z克NZ/ref_43.jpg","C:\Users\19308\Documents\Obsidian\ten-yuan-vault\黎黎隆项目\assets\refs\X并Z克NZ\ref_43.jpg","True"
"03_机制\黎黎隆_X并Z克NZ_参考墙_R1-R5_本地化_v4.0.canvas","link_ddd9a0fd68","黎黎隆项目/assets/refs/X并Z克NZ/ref_47.png","C:\Users\19308\Documents\Obsidian\ten-yuan-vault\黎黎隆项目\assets\refs\X并Z克NZ\ref_47.png","True"
"03_机制\黎黎隆_X并Z克NZ_参考墙_R1-R5_本地化_v4.0.canvas","link_e803abc16a","黎黎隆项目/assets/refs/X并Z克NZ/ref_48.jpg","C:\Users\19308\Documents\Obsidian\ten-yuan-vault\黎黎隆项目\assets\refs\X并Z克NZ\ref_48.jpg","True"
"03_机制\黎黎隆_X并Z克NZ_参考墙_R1-R5_本地化_v4.0.canvas","link_7d927b5485","黎黎隆项目/assets/refs/X并Z克NZ/ref_46.png","C:\Users\19308\Documents\Obsidian\ten-yuan-vault\黎黎隆项目\assets\refs\X并Z克NZ\ref_46.png","True"
"03_机制\黎黎隆_X并Z克NZ_参考墙_R1-R5_本地化_v4.0.canvas","link_086e80afe6","黎黎隆项目/assets/refs/X并Z克NZ/ref_44.jpg","C:\Users\19308\Documents\Obsidian\ten-yuan-vault\黎黎隆项目\assets\refs\X并Z克NZ\ref_44.jpg","True"
"04_场景\黎黎隆_场景参考_I04_骨骼空港_image-well测试_v1.0.canvas","img_1","黎黎隆项目/场景视觉参考/image-well-test/I04_骨骼空港/q1/openverse_Albany_Whale_World_Whale_skeleton_exhibi_0621e157.jpg","C:\Users\19308\Documents\Obsidian\ten-yuan-vault\黎黎隆项目\场景视觉参考\image-well-test\I04_骨骼空港\q1\openverse_Albany_Whale_World_Whale_skeleton_exhibi_0621e157.jpg","True"
"04_场景\黎黎隆_场景参考_I04_骨骼空港_image-well测试_v1.0.canvas","img_2","黎黎隆项目/场景视觉参考/image-well-test/I04_骨骼空港/q1/openverse_Whale_Skeleton_95a3c0e5.jpg","C:\Users\19308\Documents\Obsidian\ten-yuan-vault\黎黎隆项目\场景视觉参考\image-well-test\I04_骨骼空港\q1\openverse_Whale_Skeleton_95a3c0e5.jpg","True"
"04_场景\黎黎隆_场景参考_I04_骨骼空港_image-well测试_v1.0.canvas","img_3","黎黎隆项目/场景视觉参考/image-well-test/I04_骨骼空港/q1/openverse_Whale_skeleton_554ca8bb.jpg","C:\Users\19308\Documents\Obsidian\ten-yuan-vault\黎黎隆项目\场景视觉参考\image-well-test\I04_骨骼空港\q1\openverse_Whale_skeleton_554ca8bb.jpg","True"
"04_场景\黎黎隆_场景参考_I04_骨骼空港_image-well测试_v1.0.canvas","img_4","黎黎隆项目/场景视觉参考/image-well-test/I04_骨骼空港/q1/wikimedia_Natural_History_Museum_London_Central_Ha_4bd4884f.jpg","C:\Users\19308\Documents\Obsidian\ten-yuan-vault\黎黎隆项目\场景视觉参考\image-well-test\I04_骨骼空港\q1\wikimedia_Natural_History_Museum_London_Central_Ha_4bd4884f.jpg","True"
"04_场景\黎黎隆_场景参考_I04_骨骼空港_image-well测试_v1.0.canvas","img_5","黎黎隆项目/场景视觉参考/image-well-test/I04_骨骼空港/q1/wikimedia_Skeleton_of_Sperm_Whale_Physeter_macroce_e61d03ad.jpg","C:\Users\19308\Documents\Obsidian\ten-yuan-vault\黎黎隆项目\场景视觉参考\image-well-test\I04_骨骼空港\q1\wikimedia_Skeleton_of_Sperm_Whale_Physeter_macroce_e61d03ad.jpg","True"
"04_场景\黎黎隆_场景参考_I04_骨骼空港_image-well测试_v1.0.canvas","img_6","黎黎隆项目/场景视觉参考/image-well-test/I04_骨骼空港/q1/wikimedia_Whale_skeleton_5jpg_2e2f11e4.jpg","C:\Users\19308\Documents\Obsidian\ten-yuan-vault\黎黎隆项目\场景视觉参考\image-well-test\I04_骨骼空港\q1\wikimedia_Whale_skeleton_5jpg_2e2f11e4.jpg","True"
"04_场景\黎黎隆_场景参考_I04_骨骼空港_image-well测试_v1.0.canvas","705be960fae46a8b","方/07_素材图/临时截图/Pasted image 20260918172638.png","C:\Users\19308\Documents\Obsidian\ten-yuan-vault\方\07_素材图\临时截图\Pasted image 20260918172638.png","True"
"04_场景\黎黎隆_场景参考_I04_骨骼空港_image-well测试_v1.0.canvas","88dc36e7dc14c73d","方/07_素材图/临时截图/Pasted image 20260918173724.png","C:\Users\19308\Documents\Obsidian\ten-yuan-vault\方\07_素材图\临时截图\Pasted image 20260918173724.png","True"
"04_场景\黎黎隆_场景参考_I04_骨骼空港_image-well测试_v1.0.canvas","222a5fecc9a94aee","方/07_素材图/临时截图/Pasted image 20260918173812.png","C:\Users\19308\Documents\Obsidian\ten-yuan-vault\方\07_素材图\临时截图\Pasted image 20260918173812.png","True"
"04_场景\黎黎隆_场景参考_I04_骨骼空港_image-well测试_v1.0.canvas","83bd4162692a1aa6","方/07_素材图/临时截图/Pasted image 20260918172906.png","C:\Users\19308\Documents\Obsidian\ten-yuan-vault\方\07_素材图\临时截图\Pasted image 20260918172906.png","True"
"04_场景\黎黎隆_场景参考_I04_骨骼空港_image-well测试_v1.0.canvas","78f3dc7673908d83","方/07_素材图/临时截图/Pasted image 20260918173316.png","C:\Users\19308\Documents\Obsidian\ten-yuan-vault\方\07_素材图\临时截图\Pasted image 20260918173316.png","True"
"04_场景\黎黎隆_场景参考_I04_骨骼空港_image-well测试_v1.0.canvas","167910629a61757c","方/07_素材图/临时截图/Pasted image 20260918172615.png","C:\Users\19308\Documents\Obsidian\ten-yuan-vault\方\07_素材图\临时截图\Pasted image 20260918172615.png","True"
"04_场景\黎黎隆_场景参考_I04_骨骼空港_image-well测试_v1.0.canvas","9b0d441dba1be8e5","方/07_素材图/临时截图/Pasted image 20260918171613.png","C:\Users\19308\Documents\Obsidian\ten-yuan-vault\方\07_素材图\临时截图\Pasted image 20260918171613.png","True"
"04_场景\黎黎隆_场景参考_I04_骨骼空港_image-well测试_v1.0.canvas","941d6567089991db","方/07_素材图/临时截图/Pasted image 20260918172001.png","C:\Users\19308\Documents\Obsidian\ten-yuan-vault\方\07_素材图\临时截图\Pasted image 20260918172001.png","True"
"04_场景\黎黎隆_场景参考_I04_骨骼空港_image-well测试_v1.0.canvas","dfac004b16d68304","方/07_素材图/临时截图/Pasted image 20260918172349.png","C:\Users\19308\Documents\Obsidian\ten-yuan-vault\方\07_素材图\临时截图\Pasted image 20260918172349.png","True"
"04_场景\黎黎隆_场景参考_I04_骨骼空港_image-well测试_v1.0.canvas","50097ff01c891cd8","方/07_素材图/临时截图/Pasted image 20260918171405.png","C:\Users\19308\Documents\Obsidian\ten-yuan-vault\方\07_素材图\临时截图\Pasted image 20260918171405.png","True"
"04_场景\黎黎隆_场景参考_I04_骨骼空港_image-well测试_v1.0.canvas","fadd7ef8b283c8f0","方/07_素材图/临时截图/Pasted image 20260918171841.png","C:\Users\19308\Documents\Obsidian\ten-yuan-vault\方\07_素材图\临时截图\Pasted image 20260918171841.png","True"
"04_场景\黎黎隆_场景参考_I04_骨骼空港_image-well测试_v1.0.canvas","23cdd78b088cb192","方/07_素材图/临时截图/Pasted image 20260918172039.png","C:\Users\19308\Documents\Obsidian\ten-yuan-vault\方\07_素材图\临时截图\Pasted image 20260918172039.png","True"
"04_场景\黎黎隆_场景参考_I04_骨骼空港_image-well测试_v1.0.canvas","c4079281472cf2d1","方/07_素材图/临时截图/Pasted image 20260918172557.png","C:\Users\19308\Documents\Obsidian\ten-yuan-vault\方\07_素材图\临时截图\Pasted image 20260918172557.png","True"
"04_场景\黎黎隆_场景参考_I04_骨骼空港_image-well测试_v1.0.canvas","e4fda2e3d9efcc94","方/07_素材图/临时截图/Pasted image 20260918171508.png","C:\Users\19308\Documents\Obsidian\ten-yuan-vault\方\07_素材图\临时截图\Pasted image 20260918171508.png","True"
"04_场景\黎黎隆_场景参考_I04_骨骼空港_image-well测试_v1.0.canvas","87e3d67427ccd528","方/07_素材图/临时截图/Pasted image 20260918171351.png","C:\Users\19308\Documents\Obsidian\ten-yuan-vault\方\07_素材图\临时截图\Pasted image 20260918171351.png","True"
"04_场景\黎黎隆_场景参考_I04_骨骼空港_image-well测试_v1.0.canvas","093e43fededc5312","方/07_素材图/临时截图/Pasted image 20260918171240.png","C:\Users\19308\Documents\Obsidian\ten-yuan-vault\方\07_素材图\临时截图\Pasted image 20260918171240.png","True"
"04_场景\黎黎隆_场景参考_I04_骨骼空港_image-well测试_v1.0.canvas","ea77b94085aab976","方/07_素材图/临时截图/5fcc8c7c868246efd41c01ddc2ec00be.png","C:\Users\19308\Documents\Obsidian\ten-yuan-vault\方\07_素材图\临时截图\5fcc8c7c868246efd41c01ddc2ec00be.png","True"
"04_场景\黎黎隆_场景风格视觉化_R1-R6_本地全量_v1.3.canvas","ref_style_A10","黎黎隆_v1.1_ZEROLOGIN/assets/references/ref_style_A10.png","C:\Users\19308\Documents\Obsidian\ten-yuan-vault\黎黎隆_v1.1_ZEROLOGIN\assets\references\ref_style_A10.png","True"
"04_场景\黎黎隆_场景风格视觉化_R1-R6_本地全量_v1.3.canvas","ref_style_A09","黎黎隆_v1.1_ZEROLOGIN/assets/references/ref_style_A09.jpg","C:\Users\19308\Documents\Obsidian\ten-yuan-vault\黎黎隆_v1.1_ZEROLOGIN\assets\references\ref_style_A09.jpg","True"
"04_场景\黎黎隆_场景风格视觉化_R1-R6_本地全量_v1.3.canvas","ref_style_A03","黎黎隆_v1.1_ZEROLOGIN/assets/references/ref_style_A03.jpg","C:\Users\19308\Documents\Obsidian\ten-yuan-vault\黎黎隆_v1.1_ZEROLOGIN\assets\references\ref_style_A03.jpg","True"
"04_场景\黎黎隆_场景风格视觉化_R1-R6_本地全量_v1.3.canvas","ref_style_A01","黎黎隆_v1.1_ZEROLOGIN/assets/references/ref_style_A01.png","C:\Users\19308\Documents\Obsidian\ten-yuan-vault\黎黎隆_v1.1_ZEROLOGIN\assets\references\ref_style_A01.png","True"
"04_场景\黎黎隆_场景风格视觉化_R1-R6_本地全量_v1.3.canvas","ref_style_A08","黎黎隆_v1.1_ZEROLOGIN/assets/references/ref_style_A08.jpg","C:\Users\19308\Documents\Obsidian\ten-yuan-vault\黎黎隆_v1.1_ZEROLOGIN\assets\references\ref_style_A08.jpg","True"
"04_场景\黎黎隆_场景风格视觉化_R1-R6_本地全量_v1.3.canvas","ref_style_A04","黎黎隆_v1.1_ZEROLOGIN/assets/references/ref_style_A04.jpg","C:\Users\19308\Documents\Obsidian\ten-yuan-vault\黎黎隆_v1.1_ZEROLOGIN\assets\references\ref_style_A04.jpg","True"
"04_场景\黎黎隆_场景风格视觉化_R1-R6_本地全量_v1.3.canvas","ref_style_A05","黎黎隆_v1.1_ZEROLOGIN/assets/references/imagewell/ref_style_A05/selected.jpg","C:\Users\19308\Documents\Obsidian\ten-yuan-vault\黎黎隆_v1.1_ZEROLOGIN\assets\references\imagewell\ref_style_A05\selected.jpg","True"
"04_场景\黎黎隆_场景风格视觉化_R1-R6_本地全量_v1.3.canvas","ref_style_A02","黎黎隆_v1.1_ZEROLOGIN/assets/references/ref_style_A02.jpg","C:\Users\19308\Documents\Obsidian\ten-yuan-vault\黎黎隆_v1.1_ZEROLOGIN\assets\references\ref_style_A02.jpg","True"
"04_场景\黎黎隆_场景风格视觉化_R1-R6_本地全量_v1.3.canvas","ref_style_A07","黎黎隆_v1.1_ZEROLOGIN/assets/references/ref_style_A07.png","C:\Users\19308\Documents\Obsidian\ten-yuan-vault\黎黎隆_v1.1_ZEROLOGIN\assets\references\ref_style_A07.png","True"
"04_场景\黎黎隆_场景风格视觉化_R1-R6_本地全量_v1.3.canvas","ref_style_A06","黎黎隆_v1.1_ZEROLOGIN/assets/references/ref_style_A06.jpg","C:\Users\19308\Documents\Obsidian\ten-yuan-vault\黎黎隆_v1.1_ZEROLOGIN\assets\references\ref_style_A06.jpg","True"
"04_场景\黎黎隆_场景风格视觉化_R1-R6_本地全量_v1.3.canvas","ref_axis_D06","黎黎隆_v1.1_ZEROLOGIN/assets/references/ref_axis_D06.jpg","C:\Users\19308\Documents\Obsidian\ten-yuan-vault\黎黎隆_v1.1_ZEROLOGIN\assets\references\ref_axis_D06.jpg","True"
"04_场景\黎黎隆_场景风格视觉化_R1-R6_本地全量_v1.3.canvas","ref_axis_D04","黎黎隆_v1.1_ZEROLOGIN/assets/references/ref_axis_D04.jpg","C:\Users\19308\Documents\Obsidian\ten-yuan-vault\黎黎隆_v1.1_ZEROLOGIN\assets\references\ref_axis_D04.jpg","True"
"04_场景\黎黎隆_场景风格视觉化_R1-R6_本地全量_v1.3.canvas","refR5_seed_I05","黎黎隆_v1.1_ZEROLOGIN/assets/references/imagewell/refR5_seed_I05/selected.jpg","C:\Users\19308\Documents\Obsidian\ten-yuan-vault\黎黎隆_v1.1_ZEROLOGIN\assets\references\imagewell\refR5_seed_I05\selected.jpg","True"
"04_场景\黎黎隆_场景风格视觉化_R1-R6_本地全量_v1.3.canvas","ref_axis_D08","黎黎隆_v1.1_ZEROLOGIN/assets/references/ref_axis_D08.png","C:\Users\19308\Documents\Obsidian\ten-yuan-vault\黎黎隆_v1.1_ZEROLOGIN\assets\references\ref_axis_D08.png","True"
"04_场景\黎黎隆_场景风格视觉化_R1-R6_本地全量_v1.3.canvas","ref_axis_D02","黎黎隆_v1.1_ZEROLOGIN/assets/references/ref_axis_D02.jpg","C:\Users\19308\Documents\Obsidian\ten-yuan-vault\黎黎隆_v1.1_ZEROLOGIN\assets\references\ref_axis_D02.jpg","True"
"04_场景\黎黎隆_场景风格视觉化_R1-R6_本地全量_v1.3.canvas","ref_axis_D01","黎黎隆_v1.1_ZEROLOGIN/assets/references/ref_axis_D01.jpg","C:\Users\19308\Documents\Obsidian\ten-yuan-vault\黎黎隆_v1.1_ZEROLOGIN\assets\references\ref_axis_D01.jpg","True"
"04_场景\黎黎隆_场景风格视觉化_R1-R6_本地全量_v1.3.canvas","ref_axis_D03","黎黎隆_v1.1_ZEROLOGIN/assets/references/ref_axis_D03.jpg","C:\Users\19308\Documents\Obsidian\ten-yuan-vault\黎黎隆_v1.1_ZEROLOGIN\assets\references\ref_axis_D03.jpg","True"
"04_场景\黎黎隆_场景风格视觉化_R1-R6_本地全量_v1.3.canvas","ref_axis_D05","黎黎隆_v1.1_ZEROLOGIN/assets/references/ref_axis_D05.jpg","C:\Users\19308\Documents\Obsidian\ten-yuan-vault\黎黎隆_v1.1_ZEROLOGIN\assets\references\ref_axis_D05.jpg","True"
"04_场景\黎黎隆_场景风格视觉化_R1-R6_本地全量_v1.3.canvas","ref_axis_D07","黎黎隆_v1.1_ZEROLOGIN/assets/references/ref_axis_D07.jpg","C:\Users\19308\Documents\Obsidian\ten-yuan-vault\黎黎隆_v1.1_ZEROLOGIN\assets\references\ref_axis_D07.jpg","True"
"04_场景\黎黎隆_场景风格视觉化_R1-R6_本地全量_v1.3.canvas","refR5_seed_I07","黎黎隆_v1.1_ZEROLOGIN/assets/references/imagewell/refR5_seed_I07/selected.jpg","C:\Users\19308\Documents\Obsidian\ten-yuan-vault\黎黎隆_v1.1_ZEROLOGIN\assets\references\imagewell\refR5_seed_I07\selected.jpg","True"
"04_场景\黎黎隆_场景风格视觉化_R1-R6_本地全量_v1.3.canvas","ref_palette_P00","黎黎隆项目/黎黎隆_场景视觉化_v1/assets/palette_crop.png","C:\Users\19308\Documents\Obsidian\ten-yuan-vault\黎黎隆项目\黎黎隆_场景视觉化_v1\assets\palette_crop.png","True"
"04_场景\黎黎隆_场景风格视觉化_R1-R6_本地全量_v1.3.canvas","refR5_seed_I10","黎黎隆_v1.1_ZEROLOGIN/assets/references/imagewell/refR5_seed_I10/selected.jpg","C:\Users\19308\Documents\Obsidian\ten-yuan-vault\黎黎隆_v1.1_ZEROLOGIN\assets\references\imagewell\refR5_seed_I10\selected.jpg","True"
"04_场景\黎黎隆_场景风格视觉化_R1-R6_本地全量_v1.3.canvas","refR5_seed_I12","黎黎隆_v1.1_ZEROLOGIN/assets/references/imagewell/refR5_seed_I12/selected.jpg","C:\Users\19308\Documents\Obsidian\ten-yuan-vault\黎黎隆_v1.1_ZEROLOGIN\assets\references\imagewell\refR5_seed_I12\selected.jpg","True"
"04_场景\黎黎隆_场景风格视觉化_R1-R6_本地全量_v1.3.canvas","refR5_seed_I11","黎黎隆_v1.1_ZEROLOGIN/assets/references/refR5_seed_I11.jpg","C:\Users\19308\Documents\Obsidian\ten-yuan-vault\黎黎隆_v1.1_ZEROLOGIN\assets\references\refR5_seed_I11.jpg","True"
"04_场景\黎黎隆_场景风格视觉化_R1-R6_本地全量_v1.3.canvas","refR5_seed_I01","黎黎隆_v1.1_ZEROLOGIN/assets/references/refR5_seed_I01.jpg","C:\Users\19308\Documents\Obsidian\ten-yuan-vault\黎黎隆_v1.1_ZEROLOGIN\assets\references\refR5_seed_I01.jpg","True"
"04_场景\黎黎隆_场景风格视觉化_R1-R6_本地全量_v1.3.canvas","refR5_seed_I06","黎黎隆_v1.1_ZEROLOGIN/assets/references/refR5_seed_I06.webp","C:\Users\19308\Documents\Obsidian\ten-yuan-vault\黎黎隆_v1.1_ZEROLOGIN\assets\references\refR5_seed_I06.webp","True"
"04_场景\黎黎隆_场景风格视觉化_R1-R6_本地全量_v1.3.canvas","refR5_seed_I02","黎黎隆_v1.1_ZEROLOGIN/assets/references/imagewell/refR5_seed_I02/selected.jpg","C:\Users\19308\Documents\Obsidian\ten-yuan-vault\黎黎隆_v1.1_ZEROLOGIN\assets\references\imagewell\refR5_seed_I02\selected.jpg","True"
"04_场景\黎黎隆_场景风格视觉化_R1-R6_本地全量_v1.3.canvas","refR5_seed_I09","黎黎隆_v1.1_ZEROLOGIN/assets/references/imagewell/refR5_seed_I09/selected.jpg","C:\Users\19308\Documents\Obsidian\ten-yuan-vault\黎黎隆_v1.1_ZEROLOGIN\assets\references\imagewell\refR5_seed_I09\selected.jpg","True"
"04_场景\黎黎隆_场景风格视觉化_R1-R6_本地全量_v1.3.canvas","933b23513e9ffed3","黎黎隆_v1.1_ZEROLOGIN/assets/references/imagewell/refR5_seed_I12_expand/E02_diplodocus_spine_axis.jpg","C:\Users\19308\Documents\Obsidian\ten-yuan-vault\黎黎隆_v1.1_ZEROLOGIN\assets\references\imagewell\refR5_seed_I12_expand\E02_diplodocus_spine_axis.jpg","True"
"04_场景\黎黎隆_场景风格视觉化_R1-R6_本地全量_v1.3.canvas","88c21738757cb49d","黎黎隆_v1.1_ZEROLOGIN/assets/references/imagewell/refR5_seed_I12_expand/E01_blue_whale_skeleton_hall.jpg","C:\Users\19308\Documents\Obsidian\ten-yuan-vault\黎黎隆_v1.1_ZEROLOGIN\assets\references\imagewell\refR5_seed_I12_expand\E01_blue_whale_skeleton_hall.jpg","True"
"04_场景\黎黎隆_场景风格视觉化_R1-R6_本地全量_v1.3.canvas","dc2c2c5f0758228d","黎黎隆_v1.1_ZEROLOGIN/assets/references/imagewell/refR5_seed_I12_expand/E03_whale_bone_hut_frame.jpg","C:\Users\19308\Documents\Obsidian\ten-yuan-vault\黎黎隆_v1.1_ZEROLOGIN\assets\references\imagewell\refR5_seed_I12_expand\E03_whale_bone_hut_frame.jpg","True"
"04_场景\黎黎隆_场景风格视觉化_R1-R6_本地全量_v1.3.canvas","bef4c6567cc747b5","黎黎隆_v1.1_ZEROLOGIN/assets/references/imagewell/refR5_seed_I12_expand/E04_trabecular_bone_ports.png","C:\Users\19308\Documents\Obsidian\ten-yuan-vault\黎黎隆_v1.1_ZEROLOGIN\assets\references\imagewell\refR5_seed_I12_expand\E04_trabecular_bone_ports.png","True"
"04_场景\黎黎隆_场景风格视觉化_R1-R6_本地全量_v1.3.canvas","refR4_right_R07","黎黎隆_v1.1_ZEROLOGIN/assets/references/imagewell/refR4_right_R07/selected.jpg","C:\Users\19308\Documents\Obsidian\ten-yuan-vault\黎黎隆_v1.1_ZEROLOGIN\assets\references\imagewell\refR4_right_R07\selected.jpg","True"
"04_场景\黎黎隆_场景风格视觉化_R1-R6_本地全量_v1.3.canvas","refR4_right_R06","黎黎隆_v1.1_ZEROLOGIN/assets/references/imagewell/refR4_right_R06/selected.jpg","C:\Users\19308\Documents\Obsidian\ten-yuan-vault\黎黎隆_v1.1_ZEROLOGIN\assets\references\imagewell\refR4_right_R06\selected.jpg","True"
"04_场景\黎黎隆_场景风格视觉化_R1-R6_本地全量_v1.3.canvas","ref_right_R05","黎黎隆_v1.1_ZEROLOGIN/assets/references/ref_right_R05.jpg","C:\Users\19308\Documents\Obsidian\ten-yuan-vault\黎黎隆_v1.1_ZEROLOGIN\assets\references\ref_right_R05.jpg","True"
"04_场景\黎黎隆_场景风格视觉化_R1-R6_本地全量_v1.3.canvas","refR4_right_R10","黎黎隆_v1.1_ZEROLOGIN/assets/references/refR4_right_R10.png","C:\Users\19308\Documents\Obsidian\ten-yuan-vault\黎黎隆_v1.1_ZEROLOGIN\assets\references\refR4_right_R10.png","True"
"04_场景\黎黎隆_场景风格视觉化_R1-R6_本地全量_v1.3.canvas","refR4_right_R08","黎黎隆_v1.1_ZEROLOGIN/assets/references/imagewell/refR4_right_R08/selected.jpg","C:\Users\19308\Documents\Obsidian\ten-yuan-vault\黎黎隆_v1.1_ZEROLOGIN\assets\references\imagewell\refR4_right_R08\selected.jpg","True"
"04_场景\黎黎隆_场景风格视觉化_R1-R6_本地全量_v1.3.canvas","783565fcc7641713","黎黎隆_v1.1_ZEROLOGIN/assets/references/imagewell/refR5_seed_I12_expand/E05_taiwan_night_market_lane.jpg","C:\Users\19308\Documents\Obsidian\ten-yuan-vault\黎黎隆_v1.1_ZEROLOGIN\assets\references\imagewell\refR5_seed_I12_expand\E05_taiwan_night_market_lane.jpg","True"
"04_场景\黎黎隆_场景风格视觉化_R1-R6_本地全量_v1.3.canvas","28595bde91d174b7","黎黎隆_v1.1_ZEROLOGIN/assets/references/imagewell/refR5_seed_I12_expand/E06_temple_street_food_stalls.jpg","C:\Users\19308\Documents\Obsidian\ten-yuan-vault\黎黎隆_v1.1_ZEROLOGIN\assets\references\imagewell\refR5_seed_I12_expand\E06_temple_street_food_stalls.jpg","True"
"04_场景\黎黎隆_场景风格视觉化_R1-R6_本地全量_v1.3.canvas","ref_right_R02","黎黎隆_v1.1_ZEROLOGIN/assets/references/ref_right_R02.png","C:\Users\19308\Documents\Obsidian\ten-yuan-vault\黎黎隆_v1.1_ZEROLOGIN\assets\references\ref_right_R02.png","True"
"04_场景\黎黎隆_场景风格视觉化_R1-R6_本地全量_v1.3.canvas","refR5_seed_I04","黎黎隆_v1.1_ZEROLOGIN/assets/references/imagewell/refR5_seed_I04/selected.jpg","C:\Users\19308\Documents\Obsidian\ten-yuan-vault\黎黎隆_v1.1_ZEROLOGIN\assets\references\imagewell\refR5_seed_I04\selected.jpg","True"
"04_场景\黎黎隆_场景风格视觉化_R1-R6_本地全量_v1.3.canvas","refR5_seed_I08","黎黎隆_v1.1_ZEROLOGIN/assets/references/imagewell/refR5_seed_I08/selected.jpg","C:\Users\19308\Documents\Obsidian\ten-yuan-vault\黎黎隆_v1.1_ZEROLOGIN\assets\references\imagewell\refR5_seed_I08\selected.jpg","True"
"04_场景\黎黎隆_场景风格视觉化_R1-R6_本地全量_v1.3.canvas","refR4_right_R09","黎黎隆_v1.1_ZEROLOGIN/assets/references/imagewell/refR4_right_R09/selected.jpg","C:\Users\19308\Documents\Obsidian\ten-yuan-vault\黎黎隆_v1.1_ZEROLOGIN\assets\references\imagewell\refR4_right_R09\selected.jpg","True"
"04_场景\黎黎隆_场景风格视觉化_R1-R6_本地全量_v1.3.canvas","ref_right_R04","黎黎隆_v1.1_ZEROLOGIN/assets/references/ref_right_R04.jpg","C:\Users\19308\Documents\Obsidian\ten-yuan-vault\黎黎隆_v1.1_ZEROLOGIN\assets\references\ref_right_R04.jpg","True"
"04_场景\黎黎隆_场景风格视觉化_R1-R6_本地全量_v1.3.canvas","refR5_seed_I03","黎黎隆_v1.1_ZEROLOGIN/assets/references/refR5_seed_I03.webp","C:\Users\19308\Documents\Obsidian\ten-yuan-vault\黎黎隆_v1.1_ZEROLOGIN\assets\references\refR5_seed_I03.webp","True"
"04_场景\黎黎隆_场景风格视觉化_R1-R6_本地全量_v1.3.canvas","ref_right_R01","黎黎隆_v1.1_ZEROLOGIN/assets/references/ref_right_R01.png","C:\Users\19308\Documents\Obsidian\ten-yuan-vault\黎黎隆_v1.1_ZEROLOGIN\assets\references\ref_right_R01.png","True"
"04_场景\黎黎隆_场景风格视觉化_R1-R6_本地全量_v1.3.canvas","ref_right_R03","黎黎隆_v1.1_ZEROLOGIN/assets/references/ref_right_R03.jpg","C:\Users\19308\Documents\Obsidian\ten-yuan-vault\黎黎隆_v1.1_ZEROLOGIN\assets\references\ref_right_R03.jpg","True"
"04_场景\D03_I02旧枢纽冒险者工会_绘制准备.canvas","f1a2b3c4d5e6010d","黎黎隆_v1.1_ZEROLOGIN/assets/references/imagewell/refR5_seed_I02/selected.jpg","C:\Users\19308\Documents\Obsidian\ten-yuan-vault\黎黎隆_v1.1_ZEROLOGIN\assets\references\imagewell\refR5_seed_I02\selected.jpg","True"
"04_场景\D03_I02旧枢纽冒险者工会_绘制准备.canvas","f1a2b3c4d5e6010e","黎黎隆项目/黎黎隆_场景视觉化_v1/assets/palette_crop.png","C:\Users\19308\Documents\Obsidian\ten-yuan-vault\黎黎隆项目\黎黎隆_场景视觉化_v1\assets\palette_crop.png","True"
