node_id,canvas_path,resolution_class,resolved_relative_path,existing_inventory_id,project_internal_same_hash,source_bytes_read_this_run
705be960fae46a8b,"方/07_素材图/临时截图/Pasted image 20260918172638.png",EXISTS_OUTSIDE_PROJECT_ROOT,"方/07_素材图/临时截图/Pasted image 20260918172638.png",IMAGE-088,NONE_RECORDED,NO
88dc36e7dc14c73d,"方/07_素材图/临时截图/Pasted image 20260918173724.png",EXISTS_OUTSIDE_PROJECT_ROOT,"方/07_素材图/临时截图/Pasted image 20260918173724.png",IMAGE-124,NONE_RECORDED,NO
222a5fecc9a94aee,"方/07_素材图/临时截图/Pasted image 20260918173812.png",EXISTS_OUTSIDE_PROJECT_ROOT,"方/07_素材图/临时截图/Pasted image 20260918173812.png",IMAGE-238,NONE_RECORDED,NO
83bd4162692a1aa6,"方/07_素材图/临时截图/Pasted image 20260918172906.png",EXISTS_OUTSIDE_PROJECT_ROOT,"方/07_素材图/临时截图/Pasted image 20260918172906.png",IMAGE-131,NONE_RECORDED,NO
78f3dc7673908d83,"方/07_素材图/临时截图/Pasted image 20260918173316.png",EXISTS_OUTSIDE_PROJECT_ROOT,"方/07_素材图/临时截图/Pasted image 20260918173316.png",IMAGE-214,NONE_RECORDED,NO
167910629a61757c,"方/07_素材图/临时截图/Pasted image 20260918172615.png",EXISTS_OUTSIDE_PROJECT_ROOT,"方/07_素材图/临时截图/Pasted image 20260918172615.png",IMAGE-070,NONE_RECORDED,NO
9b0d441dba1be8e5,"方/07_素材图/临时截图/Pasted image 20260918171613.png",EXISTS_OUTSIDE_PROJECT_ROOT,"方/07_素材图/临时截图/Pasted image 20260918171613.png",IMAGE-158,NONE_RECORDED,NO
941d6567089991db,"方/07_素材图/临时截图/Pasted image 20260918172001.png",EXISTS_OUTSIDE_PROJECT_ROOT,"方/07_素材图/临时截图/Pasted image 20260918172001.png",IMAGE-086,NONE_RECORDED,NO
dfac004b16d68304,"方/07_素材图/临时截图/Pasted image 20260918172349.png",EXISTS_OUTSIDE_PROJECT_ROOT,"方/07_素材图/临时截图/Pasted image 20260918172349.png",IMAGE-011,NONE_RECORDED,NO
50097ff01c891cd8,"方/07_素材图/临时截图/Pasted image 20260918171405.png",EXISTS_OUTSIDE_PROJECT_ROOT,"方/07_素材图/临时截图/Pasted image 20260918171405.png",IMAGE-183,NONE_RECORDED,NO
fadd7ef8b283c8f0,"方/07_素材图/临时截图/Pasted image 20260918171841.png",EXISTS_OUTSIDE_PROJECT_ROOT,"方/07_素材图/临时截图/Pasted image 20260918171841.png",IMAGE-144,NONE_RECORDED,NO
23cdd78b088cb192,"方/07_素材图/临时截图/Pasted image 20260918172039.png",EXISTS_OUTSIDE_PROJECT_ROOT,"方/07_素材图/临时截图/Pasted image 20260918172039.png",IMAGE-212,NONE_RECORDED,NO
c4079281472cf2d1,"方/07_素材图/临时截图/Pasted image 20260918172557.png",EXISTS_OUTSIDE_PROJECT_ROOT,"方/07_素材图/临时截图/Pasted image 20260918172557.png",IMAGE-330,NONE_RECORDED,NO
e4fda2e3d9efcc94,"方/07_素材图/临时截图/Pasted image 20260918171508.png",EXISTS_OUTSIDE_PROJECT_ROOT,"方/07_素材图/临时截图/Pasted image 20260918171508.png",IMAGE-196,NONE_RECORDED,NO
87e3d67427ccd528,"方/07_素材图/临时截图/Pasted image 20260918171351.png",EXISTS_OUTSIDE_PROJECT_ROOT,"方/07_素材图/临时截图/Pasted image 20260918171351.png",IMAGE-010,NONE_RECORDED,NO
093e43fededc5312,"方/07_素材图/临时截图/Pasted image 20260918171240.png",EXISTS_OUTSIDE_PROJECT_ROOT,"方/07_素材图/临时截图/Pasted image 20260918171240.png",IMAGE-314,NONE_RECORDED,NO
ea77b94085aab976,"方/07_素材图/临时截图/5fcc8c7c868246efd41c01ddc2ec00be.png",EXISTS_OUTSIDE_PROJECT_ROOT,"方/07_素材图/临时截图/5fcc8c7c868246efd41c01ddc2ec00be.png",IMAGE-009,NONE_RECORDED,NO
