blind_id,source_sample_id
BLIND_001,INVADE_01
BLIND_002,GROW_03
BLIND_003,TWIST_05
BLIND_004,GROW_06
BLIND_005,INVADE_08
BLIND_006,REDISTRIBUTE_01
BLIND_007,DETACH_06
BLIND_008,REPLACE_07
BLIND_009,REWIRE_10
BLIND_010,ENCLOSE_07
BLIND_011,REWIRE_03
BLIND_012,RECIRCULATE_03
BLIND_013,CONVERGE_10
BLIND_014,CONVERGE_08
BLIND_015,GROW_04
BLIND_016,REDISTRIBUTE_05
BLIND_017,ENCLOSE_06
BLIND_018,REDISTRIBUTE_09
BLIND_019,REPLACE_02
BLIND_020,REDISTRIBUTE_02
BLIND_021,TWIST_03
BLIND_022,REWIRE_01
BLIND_023,CONVERGE_06
BLIND_024,RECIRCULATE_01
BLIND_025,REDISTRIBUTE_06
BLIND_026,REPLACE_04
BLIND_027,TWIST_07
BLIND_028,ENCLOSE_01
BLIND_029,ENCLOSE_03
BLIND_030,ENCLOSE_02
BLIND_031,CONVERGE_05
BLIND_032,CONVERGE_02
BLIND_033,INVADE_10
BLIND_034,REWIRE_07
BLIND_035,REPLACE_09
BLIND_036,REWIRE_09
BLIND_037,RECIRCULATE_10
BLIND_038,REDISTRIBUTE_08
BLIND_039,TWIST_04
BLIND_040,GROW_07
BLIND_041,ENCLOSE_10
BLIND_042,ENCLOSE_04
BLIND_043,GROW_10
BLIND_044,REWIRE_08
BLIND_045,ENCLOSE_05
BLIND_046,REDISTRIBUTE_10
BLIND_047,GROW_08
BLIND_048,RECIRCULATE_07
BLIND_049,CONVERGE_09
BLIND_050,RECIRCULATE_05
BLIND_051,TWIST_08
BLIND_052,CONVERGE_07
BLIND_053,REPLACE_10
BLIND_054,TWIST_01
BLIND_055,TWIST_06
BLIND_056,INVADE_05
BLIND_057,DETACH_04
BLIND_058,DETACH_07
BLIND_059,REWIRE_04
BLIND_060,REWIRE_05
BLIND_061,REPLACE_06
BLIND_062,REWIRE_02
BLIND_063,REDISTRIBUTE_03
BLIND_064,DETACH_02
BLIND_065,GROW_09
BLIND_066,DETACH_01
BLIND_067,CONVERGE_04
BLIND_068,TWIST_09
BLIND_069,DETACH_03
BLIND_070,REDISTRIBUTE_07
BLIND_071,INVADE_02
BLIND_072,DETACH_08
BLIND_073,INVADE_04
BLIND_074,INVADE_03
BLIND_075,INVADE_09
BLIND_076,DETACH_10
BLIND_077,GROW_05
BLIND_078,INVADE_06
BLIND_079,CONVERGE_03
BLIND_080,REPLACE_01
BLIND_081,GROW_02
BLIND_082,DETACH_09
BLIND_083,RECIRCULATE_09
BLIND_084,RECIRCULATE_02
BLIND_085,TWIST_02
BLIND_086,RECIRCULATE_08
BLIND_087,RECIRCULATE_04
BLIND_088,TWIST_10
BLIND_089,INVADE_07
BLIND_090,RECIRCULATE_06
BLIND_091,GROW_01
BLIND_092,DETACH_05
BLIND_093,ENCLOSE_08
BLIND_094,REDISTRIBUTE_04
BLIND_095,REPLACE_03
BLIND_096,CONVERGE_01
BLIND_097,ENCLOSE_09
BLIND_098,REPLACE_08
BLIND_099,REWIRE_06
BLIND_100,REPLACE_05
