"ImageId","Sha256","SourceClass","FirstAbsolutePath","Width","Height","CanvasRefs"
"IMG-016","0BC3DBA6627459E4B97BDE894B8B424C28B001836C956F27DC3C77BBA0FD7187","LOCALIZED_EXTERNAL_REFERENCE_WALL","C:\Users\19308\Documents\Obsidian\ten-yuan-vault\黎黎隆项目\assets\refs\X并Z克NZ\ref_05.webp",,,"黎黎隆_角色总览_素材汇总_v0.1.canvas::78ee12974bd94f39 | 03_机制\黎黎隆_X并Z克NZ_参考墙_R1-R5_本地化_v4.0.canvas::link_2061687b47"
"IMG-079","3F92F6EFD88DA8A5F3B93DD2C761D67F3780DC1DFFEBE851DDB7186EE1583823","LOCALIZED_EXTERNAL_REFERENCE_WALL","C:\Users\19308\Documents\Obsidian\ten-yuan-vault\黎黎隆项目\assets\refs\X并Z克NZ\ref_17.png","1776","2500","黎黎隆_角色总览_素材汇总_v0.1.canvas::00cf22fb9f4c4808 | 03_机制\黎黎隆_X并Z克NZ_参考墙_R1-R5_本地化_v4.0.canvas::link_add18995b8"
"IMG-110","5CCB2269EA3F62FED3924AE47348015D729F77DF578FC97ED3B18F6B1F054D19","LOCALIZED_EXTERNAL_REFERENCE_TEST","C:\Users\19308\Documents\Obsidian\ten-yuan-vault\黎黎隆项目\场景视觉参考\image-well-test\I04_骨骼空港\q1\wikimedia_Whale_skeleton_5jpg_2e2f11e4.jpg","4160","3120","04_场景\黎黎隆_场景参考_I04_骨骼空港_image-well测试_v1.0.canvas::img_6"
"IMG-120","63439BC600B677994B6EFAC78B72A1271F6D89C683EC6A1A51D37D2FD63241D0","LOCALIZED_EXTERNAL_REFERENCE_TEST","C:\Users\19308\Documents\Obsidian\ten-yuan-vault\黎黎隆项目\场景视觉参考\image-well-test\I04_骨骼空港\q1\wikimedia_Skeleton_of_Sperm_Whale_Physeter_macroce_e61d03ad.jpg","4000","2667","04_场景\黎黎隆_场景参考_I04_骨骼空港_image-well测试_v1.0.canvas::img_5"
"IMG-129","6AB9D68F4EF7C98B632C2E3E5C91771DEF2E076018D8BD1E329B1A61C8DECA37","LOCAL_GENERATED_CANDIDATE","C:\Users\19308\Documents\Obsidian\ten-yuan-vault\黎黎隆项目\03_持续发散\2026-09-17\D02_角色_塔汀_回返膜_v1.png","1536","1024","黎黎隆_角色总览_素材汇总_v0.1.canvas::6aa08f99ef294af8 | 00_总览\黎黎隆_项目总览与验收_R1_v1.0.canvas::a1b2c3d4e5f60701 | 00_总览\黎黎隆_原始灵感板_v0.1.canvas::be169be4dbd0fc85"
"IMG-168","90F544E0CF39A888789840C8D141517EEEC6F201C640DB62D657F1F6F86F069C","LOCALIZED_EXTERNAL_REFERENCE_WALL","C:\Users\19308\Documents\Obsidian\ten-yuan-vault\黎黎隆项目\assets\refs\X并Z克NZ\ref_01.jpg","888","1280","黎黎隆_角色总览_素材汇总_v0.1.canvas::f75ed5e1cc544b23 | 03_机制\黎黎隆_X并Z克NZ_参考墙_R1-R5_本地化_v4.0.canvas::link_e79395ce38"
"IMG-171","951B6F6B1C8550A1BBDF9225A118B072F820452A52478968BE2696B361CFD8A1","LOCAL_GENERATED_CANDIDATE","C:\Users\19308\Documents\Obsidian\ten-yuan-vault\黎黎隆项目\03_持续发散\2026-09-17\D01_场景_公共尾部维护站_v1.png","1536","1024","黎黎隆_角色总览_素材汇总_v0.1.canvas::2fb58c2a6f164c92 | 00_总览\黎黎隆_项目总览与验收_R1_v1.0.canvas::a1b2c3d4e5f60503"
"IMG-181","9D7CB716983E8AAF688F51CA977D7A7351EC2137C2E59916F13BEE151D61DAFA","LOCALIZED_EXTERNAL_REFERENCE_WALL","C:\Users\19308\Documents\Obsidian\ten-yuan-vault\黎黎隆项目\assets\refs\X并Z克NZ\ref_27.jpg","1920","2400","黎黎隆_角色总览_素材汇总_v0.1.canvas::fdec08ebcdf3498e | 03_机制\黎黎隆_X并Z克NZ_参考墙_R1-R5_本地化_v4.0.canvas::link_b23b253b9c"
"IMG-187","9FA0E15D31B60791D782121A3D9B222CFB071BEE977137742C0FA0177C45E607","LOCALIZED_EXTERNAL_REFERENCE_TEST","C:\Users\19308\Documents\Obsidian\ten-yuan-vault\黎黎隆项目\场景视觉参考\image-well-test\I04_骨骼空港\q1\wikimedia_Natural_History_Museum_London_Central_Ha_4bd4884f.jpg","3765","5657","04_场景\黎黎隆_场景参考_I04_骨骼空港_image-well测试_v1.0.canvas::img_4"
"IMG-196","AA1E253B2370E211E95D9F53B888BB4F7522CEC17E030C56391ACA84166BF32E","LOCAL_GENERATED_CANDIDATE","C:\Users\19308\Documents\Obsidian\ten-yuan-vault\黎黎隆项目\03_持续发散\2026-09-17\D02_道具_外脑映脑窗冷却夹具_v1.png","1536","1024","黎黎隆_角色总览_素材汇总_v0.1.canvas::eeb46ea9ecc34a07 | 00_总览\黎黎隆_项目总览与验收_R1_v1.0.canvas::a1b2c3d4e5f60702"
"IMG-263","E186754EAA8D40A69953B9FAB7D2BDF9F3FB45A63E768D921C0BA93CFECDA1C3","LOCAL_GENERATED_CANDIDATE","C:\Users\19308\Documents\Obsidian\ten-yuan-vault\黎黎隆项目\03_持续发散\2026-09-17\D01_道具_巨尾锚序锁身组件_v1.png","1536","1024","黎黎隆_角色总览_素材汇总_v0.1.canvas::bead600e6dce49f4 | 00_总览\黎黎隆_项目总览与验收_R1_v1.0.canvas::a1b2c3d4e5f60403"
"IMG-271","E645BF337F1029B6C4F089B904B13D93841D36376C03D9FF6D057E9A9C3CE28F","LOCAL_GENERATED_CANDIDATE","C:\Users\19308\Documents\Obsidian\ten-yuan-vault\黎黎隆项目\03_持续发散\2026-09-17\D02_场景_环形公共身体维护台_v1.png","1536","1024","黎黎隆_角色总览_素材汇总_v0.1.canvas::3fbbd7f3797847a4 | 00_总览\黎黎隆_项目总览与验收_R1_v1.0.canvas::a1b2c3d4e5f60703"
"IMG-301","F8E481F640DBE7442B3A85B1C6EF6D5E0E179C5DB6659765FACE540B4DE326C9","LOCAL_GENERATED_CANDIDATE","C:\Users\19308\Documents\Obsidian\ten-yuan-vault\黎黎隆项目\03_持续发散\2026-09-17\D01_角色_黎黎隆_夺路尾_v1.png","1536","1024","黎黎隆_角色总览_素材汇总_v0.1.canvas::04ccb26b02df4e6a | 00_总览\黎黎隆_项目总览与验收_R1_v1.0.canvas::a1b2c3d4e5f60305"
